structureId,chainId,compound,source,uniprotAcc,uniprotRecommendedName
"1ZLA","A","histone H3","Xenopus laevis","P84233","Histone H3.2"
"1ZLA","B","Histone H4","Xenopus laevis","P62799","Histone H4"
"1ZLA","C","Xenopus laevis-like histone H2A","Expression vector pET3-H2A","P06897","Histone H2A type 1"
"1ZLA","D","histone H2B","Xenopus laevis","P02281","Histone H2B 1.1"
"1ZLA","E","histone H3","Xenopus laevis","P84233","Histone H3.2"
"1ZLA","F","Histone H4","Xenopus laevis","P62799","Histone H4"
"1ZLA","G","Xenopus laevis-like histone H2A","Expression vector pET3-H2A","P06897","Histone H2A type 1"
"1ZLA","H","histone H2B","Xenopus laevis","P02281","Histone H2B 1.1"
"1ZLA","I","Palindromic 146bp Human alpha-Satellite DNA fragment","Homo sapiens","",""
"1ZLA","J","Palindromic 146bp Human alpha-Satellite DNA fragment","Homo sapiens","",""
"1ZLA","K","latent nuclear antigen","Human gammaherpesvirus 8","Q9DUM3",""
"3MVD","A","Histone H3.2","Xenopus laevis","P84233","Histone H3.2"
"3MVD","B","Histone H4","Xenopus laevis","P62799","Histone H4"
"3MVD","C","Histone H2A","Xenopus laevis","Q6AZJ8","Histone H2A"
"3MVD","D","Histone H2B 1.1","Xenopus laevis","P02281","Histone H2B 1.1"
"3MVD","E","Histone H3.2","Xenopus laevis","P84233","Histone H3.2"
"3MVD","F","Histone H4","Xenopus laevis","P62799","Histone H4"
"3MVD","G","Histone H2A","Xenopus laevis","Q6AZJ8","Histone H2A"
"3MVD","H","Histone H2B 1.1","Xenopus laevis","P02281","Histone H2B 1.1"
"3MVD","I","DNA (146-MER)","","",""
"3MVD","J","DNA (146-MER)","","",""
"3MVD","K","Regulator of chromosome condensation","Drosophila melanogaster","P25171","Regulator of chromosome condensation"
"3MVD","L","Regulator of chromosome condensation","Drosophila melanogaster","P25171","Regulator of chromosome condensation"
"3TU4","A","Histone H3.2","Xenopus laevis","P84233","Histone H3.2"
"3TU4","B","Histone H4","Xenopus laevis","P62799","Histone H4"
"3TU4","C","Histone H2A","Xenopus laevis","P06897","Histone H2A type 1"
"3TU4","D","Histone H2B 1.1","Xenopus laevis","P02281","Histone H2B 1.1"
"3TU4","E","Histone H3.2","Xenopus laevis","P84233","Histone H3.2"
"3TU4","F","Histone H4","Xenopus laevis","P62799","Histone H4"
"3TU4","G","Histone H2A","Xenopus laevis","P06897","Histone H2A type 1"
"3TU4","H","Histone H2B 1.1","Xenopus laevis","P02281","Histone H2B 1.1"
"3TU4","I","DNA (146-MER)","","",""
"3TU4","J","DNA (146-MER)","","",""
"3TU4","K","Regulatory protein SIR3","Saccharomyces cerevisiae","P06701","Regulatory protein SIR3"
"3TU4","L","Regulatory protein SIR3","Saccharomyces cerevisiae","P06701","Regulatory protein SIR3"
"4JJN","A","Histone H3","Saccharomyces cerevisiae","P61830","Histone H3"
"4JJN","B","Histone H4","Saccharomyces cerevisiae","P02309","Histone H4"
"4JJN","C","Histone H2A.2","Saccharomyces cerevisiae","P04912","Histone H2A.2"
"4JJN","D","Histone H2B.2","Saccharomyces cerevisiae","P02294","Histone H2B.2"
"4JJN","E","Histone H3","Saccharomyces cerevisiae","P61830","Histone H3"
"4JJN","F","Histone H4","Saccharomyces cerevisiae","P02309","Histone H4"
"4JJN","G","Histone H2A.2","Saccharomyces cerevisiae","P04912","Histone H2A.2"
"4JJN","H","Histone H2B.2","Saccharomyces cerevisiae","P02294","Histone H2B.2"
"4JJN","I","DNA (146-MER)","","",""
"4JJN","J","DNA (146-MER)","","",""
"4JJN","K","Regulatory protein SIR3","Saccharomyces cerevisiae","P06701","Regulatory protein SIR3"
"4JJN","L","Regulatory protein SIR3","Saccharomyces cerevisiae","P06701","Regulatory protein SIR3"
"4KUD","A","Histone H3","Saccharomyces cerevisiae","P61830","Histone H3"
"4KUD","B","Histone H4","Saccharomyces cerevisiae","P02309","Histone H4"
"4KUD","C","Histone H2A.2","Saccharomyces cerevisiae","P04912","Histone H2A.2"
"4KUD","D","Histone H2B.1","Saccharomyces cerevisiae","P02293","Histone H2B.1"
"4KUD","E","Histone H3","Saccharomyces cerevisiae","P61830","Histone H3"
"4KUD","F","Histone H4","Saccharomyces cerevisiae","P02309","Histone H4"
"4KUD","G","Histone H2A.2","Saccharomyces cerevisiae","P04912","Histone H2A.2"
"4KUD","H","Histone H2B.1","Saccharomyces cerevisiae","P02293","Histone H2B.1"
"4KUD","I","nucloesome DNA","","",""
"4KUD","J","nucloesome DNA","","",""
"4KUD","K","Regulatory protein SIR3","Saccharomyces cerevisiae","P06701","Regulatory protein SIR3"
"4KUD","L","Regulatory protein SIR3","Saccharomyces cerevisiae","P06701","Regulatory protein SIR3"
"4LD9","A","Histone H3.2","Xenopus laevis","P84233","Histone H3.2"
"4LD9","B","Histone H4","Xenopus laevis","P62799","Histone H4"
"4LD9","C","Histone H2A","Xenopus laevis","P06897","Histone H2A type 1"
"4LD9","D","Histone H2B 1.1","Xenopus laevis","P02281","Histone H2B 1.1"
"4LD9","E","Histone H3.2","Xenopus laevis","P84233","Histone H3.2"
"4LD9","F","Histone H4","Xenopus laevis","P62799","Histone H4"
"4LD9","G","Histone H2A","Xenopus laevis","P06897","Histone H2A type 1"
"4LD9","H","Histone H2B 1.1","Xenopus laevis","P02281","Histone H2B 1.1"
"4LD9","I","Widom 601 sequence reverse","","",""
"4LD9","J","Widom 601 sequence forward","","",""
"4LD9","K","Regulatory protein SIR3","Saccharomyces cerevisiae","P06701","Regulatory protein SIR3"
"4LD9","L","Regulatory protein SIR3","Saccharomyces cerevisiae","P06701","Regulatory protein SIR3"
"4R8P","A","Histone H3.2","Xenopus laevis","P84233","Histone H3.2"
"4R8P","B","Histone H4","Xenopus laevis","P62799","Histone H4"
"4R8P","C","Histone H2A","Xenopus laevis","P06897","Histone H2A type 1"
"4R8P","D","Histone H2B 1.1","Xenopus laevis","P02281","Histone H2B 1.1"
"4R8P","E","Histone H3.2","Xenopus laevis","P84233","Histone H3.2"
"4R8P","F","Histone H4","Xenopus laevis","P62799","Histone H4"
"4R8P","G","Histone H2A","Xenopus laevis","P06897","Histone H2A type 1"
"4R8P","H","Histone H2B 1.1","Xenopus laevis","P02281","Histone H2B 1.1"
"4R8P","I","DNA (147-mer)","synthetic construct","",""
"4R8P","J","DNA (147-mer)","synthetic construct","",""
"4R8P","K","Polycomb complex protein BMI-1","Homo sapiens","P35226","Polycomb complex protein BMI-1"
"4R8P","L","E3 ubiquitin-protein ligase RING2, Ubiquitin-conjugating enzyme E2 D3","Homo sapiens","P61077#Q99496","P61077:#Ubiquitin-conjugating enzyme E2 D3#Q99496:#E3 ubiquitin-protein ligase RING2"
"4R8P","M","Polycomb complex protein BMI-1","Homo sapiens","P35226","Polycomb complex protein BMI-1"
"4R8P","N","E3 ubiquitin-protein ligase RING2, Ubiquitin-conjugating enzyme E2 D3","Homo sapiens","P61077#Q99496","P61077:#Ubiquitin-conjugating enzyme E2 D3#Q99496:#E3 ubiquitin-protein ligase RING2"
"4X23","A","Histone H3","Drosophila melanogaster","P02299","Histone H3"
"4X23","B","Histone H4","Drosophila melanogaster","P84040","Histone H4"
"4X23","C","Histone H2A","Drosophila melanogaster","P84051","Histone H2A"
"4X23","D","Histone H2B","Drosophila melanogaster","P02283","Histone H2B"
"4X23","E","Histone H3","Drosophila melanogaster","P02299","Histone H3"
"4X23","F","Histone H4","Drosophila melanogaster","P84040","Histone H4"
"4X23","G","Histone H2A","Drosophila melanogaster","P84051","Histone H2A"
"4X23","H","Histone H2B","Drosophila melanogaster","P02283","Histone H2B"
"4X23","I","DNA (147-MER)","Homo sapiens","",""
"4X23","J","DNA (147-MER)","Homo sapiens","",""
"4X23","K","Histone H3","Drosophila melanogaster","P02299","Histone H3"
"4X23","L","Histone H4","Drosophila melanogaster","P84040","Histone H4"
"4X23","M","Histone H2A","Drosophila melanogaster","P84051","Histone H2A"
"4X23","N","Histone H2B","Drosophila melanogaster","P02283","Histone H2B"
"4X23","O","Histone H3","Drosophila melanogaster","P02299","Histone H3"
"4X23","P","Histone H4","Drosophila melanogaster","P84040","Histone H4"
"4X23","Q","Histone H2A","Drosophila melanogaster","P84051","Histone H2A"
"4X23","R","Histone H2B","Drosophila melanogaster","P02283","Histone H2B"
"4X23","S","DNA (147-MER)","Homo sapiens","",""
"4X23","T","DNA (147-MER)","Homo sapiens","",""
"4X23","U","CENP-C","Rattus norvegicus","Q66LH7",""
"4X23","V","CENP-C","Rattus norvegicus","Q66LH7",""
"4X23","W","CENP-C","Rattus norvegicus","Q66LH7",""
"4X23","X","CENP-C","Rattus norvegicus","Q66LH7",""
"4ZUX","A","Histone H3.2","Xenopus laevis","P84233","Histone H3.2"
"4ZUX","B","Histone H4","Xenopus laevis","P62799","Histone H4"
"4ZUX","C","Histone H2A type 1","Xenopus laevis","P06897","Histone H2A type 1"
"4ZUX","D","Histone H2B 1.1","Xenopus laevis","P02281","Histone H2B 1.1"
"4ZUX","E","Histone H3.2","Xenopus laevis","P84233","Histone H3.2"
"4ZUX","F","Histone H4","Xenopus laevis","P62799","Histone H4"
"4ZUX","G","Histone H2A type 1","Xenopus laevis","P06897","Histone H2A type 1"
"4ZUX","H","Histone H2B 1.1","Xenopus laevis","P02281","Histone H2B 1.1"
"4ZUX","I","DNA (145-MER)","synthetic construct","",""
"4ZUX","J","DNA (145-MER)","synthetic construct","",""
"4ZUX","K","Histone H3.2","Xenopus laevis","P84233","Histone H3.2"
"4ZUX","L","Histone H4","Xenopus laevis","P62799","Histone H4"
"4ZUX","M","Histone H2A type 1","Xenopus laevis","P06897","Histone H2A type 1"
"4ZUX","N","Histone H2B 1.1","Xenopus laevis","P02281","Histone H2B 1.1"
"4ZUX","O","Histone H3.2","Xenopus laevis","P84233","Histone H3.2"
"4ZUX","P","Histone H4","Xenopus laevis","P62799","Histone H4"
"4ZUX","Q","Histone H2A type 1","Xenopus laevis","P06897","Histone H2A type 1"
"4ZUX","R","Histone H2B 1.1","Xenopus laevis","P02281","Histone H2B 1.1"
"4ZUX","S","DNA (145-MER)","synthetic construct","",""
"4ZUX","T","DNA (145-MER)","synthetic construct","",""
"4ZUX","U","Ubiquitin carboxyl-terminal hydrolase 8","Saccharomyces cerevisiae","P50102","Ubiquitin carboxyl-terminal hydrolase 8"
"4ZUX","V","Transcription and mRNA export factor SUS1","Saccharomyces cerevisiae","Q6WNK7","Transcription and mRNA export factor SUS1"
"4ZUX","W","SAGA-associated factor 11","Saccharomyces cerevisiae","A6ZWK1","SAGA-associated factor 11"
"4ZUX","X","Polyubiquitin-B","Homo sapiens","P0CG47","Polyubiquitin-B"
"4ZUX","Y","SAGA-associated factor 73","Saccharomyces cerevisiae","P53165","SAGA-associated factor 73"
"4ZUX","Z","Ubiquitin carboxyl-terminal hydrolase 8","Saccharomyces cerevisiae","P50102","Ubiquitin carboxyl-terminal hydrolase 8"
"4ZUX","a","Transcription and mRNA export factor SUS1","Saccharomyces cerevisiae","Q6WNK7","Transcription and mRNA export factor SUS1"
"4ZUX","b","SAGA-associated factor 11","Saccharomyces cerevisiae","A6ZWK1","SAGA-associated factor 11"
"4ZUX","c","Polyubiquitin-B","Homo sapiens","P0CG47","Polyubiquitin-B"
"4ZUX","d","SAGA-associated factor 73","Saccharomyces cerevisiae","P53165","SAGA-associated factor 73"
"4ZUX","e","Ubiquitin carboxyl-terminal hydrolase 8","Saccharomyces cerevisiae","P50102","Ubiquitin carboxyl-terminal hydrolase 8"
"4ZUX","f","Transcription and mRNA export factor SUS1","Saccharomyces cerevisiae","Q6WNK7","Transcription and mRNA export factor SUS1"
"4ZUX","g","SAGA-associated factor 11","Saccharomyces cerevisiae","A6ZWK1","SAGA-associated factor 11"
"4ZUX","h","Polyubiquitin-B","Homo sapiens","P0CG47","Polyubiquitin-B"
"4ZUX","i","SAGA-associated factor 73","Saccharomyces cerevisiae","P53165","SAGA-associated factor 73"
"4ZUX","j","Ubiquitin carboxyl-terminal hydrolase 8","Saccharomyces cerevisiae","P50102","Ubiquitin carboxyl-terminal hydrolase 8"
"4ZUX","k","Transcription and mRNA export factor SUS1","Saccharomyces cerevisiae","Q6WNK7","Transcription and mRNA export factor SUS1"
"4ZUX","l","SAGA-associated factor 11","Saccharomyces cerevisiae","A6ZWK1","SAGA-associated factor 11"
"4ZUX","m","Polyubiquitin-B","Homo sapiens","P0CG47","Polyubiquitin-B"
"4ZUX","n","SAGA-associated factor 73","Saccharomyces cerevisiae","P53165","SAGA-associated factor 73"
"5E5A","A","Histone H3.2","Xenopus laevis","P84233","Histone H3.2"
"5E5A","B","Histone H4","Xenopus laevis","P62799","Histone H4"
"5E5A","C","Histone H2A","Xenopus laevis","P06897","Histone H2A type 1"
"5E5A","D","Histone H2B 1.1","Xenopus laevis","P02281","Histone H2B 1.1"
"5E5A","E","Histone H3.2","Xenopus laevis","P84233","Histone H3.2"
"5E5A","F","Histone H4","Xenopus laevis","P62799","Histone H4"
"5E5A","G","Histone H2A","Xenopus laevis","P06897","Histone H2A type 1"
"5E5A","H","Histone H2B 1.1","Xenopus laevis","P02281","Histone H2B 1.1"
"5E5A","I","DNA (146-MER)","Homo sapiens","",""
"5E5A","J","DNA (146-MER)","Homo sapiens","",""
"5E5A","K","C-terminal domain of Regulatory protein IE1","Human betaherpesvirus 5","P03169","55 kDa immediate-early protein 1"
"5GTC","A","Histone H3.1","Homo sapiens","P68431","Histone H3.1"
"5GTC","B","Histone H4","Homo sapiens","P62805","Histone H4"
"5GTC","C","Histone H2A type 1-B/E","Homo sapiens","P04908","Histone H2A type 1-B/E"
"5GTC","D","Histone H2B type 1-J","Homo sapiens","P06899","Histone H2B type 1-J"
"5GTC","E","Histone H3.1","Homo sapiens","P68431","Histone H3.1"
"5GTC","F","Histone H4","Homo sapiens","P62805","Histone H4"
"5GTC","G","Histone H2A type 1-B/E","Homo sapiens","P04908","Histone H2A type 1-B/E"
"5GTC","H","Histone H2B type 1-J","Homo sapiens","P06899","Histone H2B type 1-J"
"5GTC","I","DNA (146-MER)","Homo sapiens","",""
"5GTC","J","DNA (146-MER)","Homo sapiens","",""
"5GTC","K","LANA peptide","Human gammaherpesvirus 8","Q9QR71","Protein LANA1"
"5HQ2","A","Histone H3.2","Xenopus laevis","P84233","Histone H3.2"
"5HQ2","B","Histone H4","Xenopus laevis","P62799","Histone H4"
"5HQ2","G","Histone H2A","Xenopus laevis","P06897","Histone H2A type 1"
"5HQ2","H","Histone H2B 1.1","Xenopus laevis","P02281","Histone H2B 1.1"
"5HQ2","I","DNA (149-MER)","synthetic construct","",""
"5HQ2","J","DNA (149-MER)","synthetic construct","",""
"5HQ2","K","Guanine nucleotide exchange factor SRM1","Saccharomyces cerevisiae","P21827","Guanine nucleotide exchange factor SRM1"
"5HQ2","M","N-lysine methyltransferase SETD8","Homo sapiens","Q9NQR1","N-lysine methyltransferase KMT5A"
"5KGF","A","Histone H3.2","Xenopus laevis","P84233","Histone H3.2"
"5KGF","B","Histone H4","Xenopus laevis","P62799","Histone H4"
"5KGF","C","Histone H2A type 1","Homo sapiens","P0C0S8","Histone H2A type 1"
"5KGF","D","Histone H2B type 1-C/E/F/G/I","Homo sapiens","P62807","Histone H2B type 1-C/E/F/G/I"
"5KGF","E","Histone H3.2","Xenopus laevis","P84233","Histone H3.2"
"5KGF","F","Histone H4","Xenopus laevis","P62799","Histone H4"
"5KGF","G","Histone H2A type 1","Homo sapiens","P0C0S8","Histone H2A type 1"
"5KGF","H","Histone H2B type 1-C/E/F/G/I","Homo sapiens","P62807","Histone H2B type 1-C/E/F/G/I"
"5KGF","I","DNA (145-MER)","synthetic construct","",""
"5KGF","J","DNA (145-MER)","synthetic construct","",""
"5KGF","K","Tumor suppressor p53-binding protein 1","Homo sapiens","Q12888","TP53-binding protein 1"
"5KGF","L","Tumor suppressor p53-binding protein 1","Homo sapiens","Q12888","TP53-binding protein 1"
"5KGF","M","Ubiquitin","Homo sapiens","P0CG47","Polyubiquitin-B"
"5KGF","O","Ubiquitin","Homo sapiens","P0CG47","Polyubiquitin-B"
"5MLU","A","Histone H3.2","Xenopus laevis","P84233","Histone H3.2"
"5MLU","B","Histone H4","Xenopus laevis","P62799","Histone H4"
"5MLU","C","Histone H2A type 1","Xenopus laevis","P06897","Histone H2A type 1"
"5MLU","D","Histone H2B","Xenopus laevis","P02281","Histone H2B 1.1"
"5MLU","E","Histone H3.2","Xenopus laevis","P84233","Histone H3.2"
"5MLU","F","Histone H4","Xenopus laevis","P62799","Histone H4"
"5MLU","G","Histone H2A type 1","Xenopus laevis","P06897","Histone H2A type 1"
"5MLU","H","Histone H2B","Xenopus laevis","P02281","Histone H2B 1.1"
"5MLU","I","DNA (145-MER)","Escherichia coli","",""
"5MLU","J","DNA (145-MER)","Escherichia coli","",""
"5MLU","M","PFV GAG peptide","Simian foamy virus","P14349","Gag polyprotein"
"5O9G","A","Histone H3.2","Xenopus laevis","P84233","Histone H3.2"
"5O9G","B","Histone H4","Xenopus laevis","P62799","Histone H4"
"5O9G","C","Histone H2A","Xenopus laevis","P06897","Histone H2A type 1"
"5O9G","D","Histone H2B 1.1","Xenopus laevis","P02281","Histone H2B 1.1"
"5O9G","E","Histone H3.2","Xenopus laevis","P84233","Histone H3.2"
"5O9G","F","Histone H4","Xenopus laevis","P62799","Histone H4"
"5O9G","G","Histone H2A","Xenopus laevis","P06897","Histone H2A type 1"
"5O9G","H","Histone H2B 1.1","Xenopus laevis","P02281","Histone H2B 1.1"
"5O9G","I","DNA (162-MER)","synthetic construct","",""
"5O9G","J","DNA (162-MER)","synthetic construct","",""
"5O9G","W","Chromo domain-containing protein 1","Saccharomyces cerevisiae","P32657","Chromo domain-containing protein 1"
"5X0X","A","Histone H3.2","Xenopus laevis","P84233","Histone H3.2"
"5X0X","B","Histone H4","Xenopus laevis","P62799","Histone H4"
"5X0X","C","Histone H2A","Xenopus laevis","P06897","Histone H2A type 1"
"5X0X","D","Histone H2B 1.1","Xenopus laevis","P02281","Histone H2B 1.1"
"5X0X","E","Histone H3.2","Xenopus laevis","P84233","Histone H3.2"
"5X0X","F","Histone H4","Xenopus laevis","P62799","Histone H4"
"5X0X","G","Histone H2A","Xenopus laevis","P06897","Histone H2A type 1"
"5X0X","H","Histone H2B 1.1","Xenopus laevis","P02281","Histone H2B 1.1"
"5X0X","I","DNA (167-MER)","synthetic construct","",""
"5X0X","J","DNA (167-MER)","synthetic construct","",""
"5X0X","O","Transcription regulatory protein SNF2","Saccharomyces cerevisiae","P22082","Transcription regulatory protein SNF2"
"5X0Y","A","Histone H3.2","Xenopus laevis","P84233","Histone H3.2"
"5X0Y","B","Histone H4","Xenopus laevis","P62799","Histone H4"
"5X0Y","C","Histone H2A","Xenopus laevis","P06897","Histone H2A type 1"
"5X0Y","D","Histone H2B 1.1","Xenopus laevis","P02281","Histone H2B 1.1"
"5X0Y","E","Histone H3.2","Xenopus laevis","P84233","Histone H3.2"
"5X0Y","F","Histone H4","Xenopus laevis","P62799","Histone H4"
"5X0Y","G","Histone H2A","Xenopus laevis","P06897","Histone H2A type 1"
"5X0Y","H","Histone H2B 1.1","Xenopus laevis","P02281","Histone H2B 1.1"
"5X0Y","I","DNA (167-MER)","synthetic construct","",""
"5X0Y","J","DNA (167-MER)","synthetic construct","",""
"5X0Y","O","Transcription regulatory protein SNF2","Saccharomyces cerevisiae","P22082","Transcription regulatory protein SNF2"
"6A5L","0","DNA (42-MER)","synthetic construct","",""
"6A5L","1","DNA (42-MER)","synthetic construct","",""
"6A5L","A","DNA-directed RNA polymerase subunit","Komagataella phaffii","C4R4Y0","DNA-directed RNA polymerase subunit"
"6A5L","B","DNA-directed RNA polymerase subunit beta","Komagataella phaffii","C4QZQ7","DNA-directed RNA polymerase subunit beta"
"6A5L","C","RNA polymerase II third largest subunit B44, part of central core","Komagataella phaffii","C4R7L2",""
"6A5L","D","RNA polymerase II subunit B32","Komagataella phaffii","C4R2U9",""
"6A5L","E","RNA polymerase subunit ABC27, common to RNA polymerases I, II, and III","Komagataella phaffii","C4R3P8",""
"6A5L","F","RNA polymerase subunit ABC23, common to RNA polymerases I, II, and III","Komagataella phaffii","C4R1V1",""
"6A5L","G","RNA polymerase II subunit","Komagataella phaffii","C4R9A1",""
"6A5L","H","DNA-directed RNA polymerases I, II, and III subunit RPABC3","Komagataella phaffii","C4R273","DNA-directed RNA polymerases I, II, and III subunit RPABC3"
"6A5L","I","DNA-directed RNA polymerase subunit","Komagataella phaffii","F2QPE6","DNA-directed RNA polymerase subunit"
"6A5L","J","RNA polymerase subunit ABC10-beta, common to RNA polymerases I, II, and III","Komagataella phaffii","C4R009",""
"6A5L","K","RNA polymerase II subunit B12.5","Komagataella phaffii","C4R3Z5",""
"6A5L","L","RNA polymerase subunit ABC10-alpha","Komagataella phaffii","F2QMI1",""
"6A5L","N","DNA (198-MER)","synthetic construct","",""
"6A5L","P","RNA (5'-R(P*GP*GP*UP*GP*UP*CP*UP*UP*GP*GP*G)-3')","synthetic construct","",""
"6A5L","T","DNA (198-MER)","synthetic construct","",""
"6A5L","a","Histone H3.3","Homo sapiens","P84243","Histone H3.3"
"6A5L","b","Histone H4","Homo sapiens","P62805","Histone H4"
"6A5L","c","Histone H2A type 1-B/E","Homo sapiens","P04908","Histone H2A type 1-B/E"
"6A5L","d","Histone H2B type 1-J","Homo sapiens","P06899","Histone H2B type 1-J"
"6A5L","e","Histone H3.3","Homo sapiens","P84243","Histone H3.3"
"6A5L","f","Histone H4","Homo sapiens","P62805","Histone H4"
"6A5L","g","Histone H2A type 1-B/E","Homo sapiens","P04908","Histone H2A type 1-B/E"
"6A5L","h","Histone H2B type 1-J","Homo sapiens","P06899","Histone H2B type 1-J"
"6A5O","A","DNA-directed RNA polymerase subunit","Komagataella phaffii","C4R4Y0","DNA-directed RNA polymerase subunit"
"6A5O","B","DNA-directed RNA polymerase subunit beta","Komagataella phaffii","C4QZQ7","DNA-directed RNA polymerase subunit beta"
"6A5O","C","RNA polymerase II third largest subunit B44, part of central core","Komagataella phaffii","C4R7L2",""
"6A5O","D","RNA polymerase II subunit B32","Komagataella phaffii","C4R2U9",""
"6A5O","E","RNA polymerase subunit ABC27, common to RNA polymerases I, II, and III","Komagataella phaffii","C4R3P8",""
"6A5O","F","RNA polymerase subunit ABC23, common to RNA polymerases I, II, and III","Komagataella phaffii","C4R1V1",""
"6A5O","G","RNA polymerase II subunit","Komagataella phaffii","C4R9A1",""
"6A5O","H","DNA-directed RNA polymerases I, II, and III subunit RPABC3","Komagataella phaffii","C4R273","DNA-directed RNA polymerases I, II, and III subunit RPABC3"
"6A5O","I","DNA-directed RNA polymerase subunit","Komagataella phaffii","F2QPE6","DNA-directed RNA polymerase subunit"
"6A5O","J","RNA polymerase subunit ABC10-beta, common to RNA polymerases I, II, and III","Komagataella phaffii","C4R009",""
"6A5O","K","RNA polymerase II subunit B12.5","Komagataella phaffii","C4R3Z5",""
"6A5O","L","RNA polymerase subunit ABC10-alpha","Komagataella phaffii","F2QMI1",""
"6A5O","N","DNA (198-MER)","synthetic construct","",""
"6A5O","P","RNA (5'-R(P*UP*GP*GP*GP*UP*GP*GP*UP*GP*GP*C)-3')","synthetic construct","",""
"6A5O","T","DNA (198-MER)","synthetic construct","",""
"6A5O","a","Histone H3.3","Homo sapiens","P84243","Histone H3.3"
"6A5O","b","Histone H4","Homo sapiens","P62805","Histone H4"
"6A5O","c","Histone H2A type 1-B/E","Homo sapiens","P04908","Histone H2A type 1-B/E"
"6A5O","d","Histone H2B type 1-J","Homo sapiens","P06899","Histone H2B type 1-J"
"6A5O","e","Histone H3.3","Homo sapiens","P84243","Histone H3.3"
"6A5O","f","Histone H4","Homo sapiens","P62805","Histone H4"
"6A5O","g","Histone H2A type 1-B/E","Homo sapiens","P04908","Histone H2A type 1-B/E"
"6A5O","h","Histone H2B type 1-J","Homo sapiens","P06899","Histone H2B type 1-J"
"6A5P","A","DNA-directed RNA polymerase subunit","Komagataella phaffii","C4R4Y0","DNA-directed RNA polymerase subunit"
"6A5P","B","DNA-directed RNA polymerase subunit beta","Komagataella phaffii","C4QZQ7","DNA-directed RNA polymerase subunit beta"
"6A5P","C","RNA polymerase II third largest subunit B44, part of central core","Komagataella phaffii","C4R7L2",""
"6A5P","D","RNA polymerase II subunit B32","Komagataella phaffii","C4R2U9",""
"6A5P","E","RNA polymerase subunit ABC27, common to RNA polymerases I, II, and III","Komagataella phaffii","C4R3P8",""
"6A5P","F","RNA polymerase subunit ABC23, common to RNA polymerases I, II, and III","Komagataella phaffii","C4R1V1",""
"6A5P","G","RNA polymerase II subunit","Komagataella phaffii","C4R9A1",""
"6A5P","H","DNA-directed RNA polymerases I, II, and III subunit RPABC3","Komagataella phaffii","C4R273","DNA-directed RNA polymerases I, II, and III subunit RPABC3"
"6A5P","I","DNA-directed RNA polymerase subunit","Komagataella phaffii","F2QPE6","DNA-directed RNA polymerase subunit"
"6A5P","J","RNA polymerase subunit ABC10-beta, common to RNA polymerases I, II, and III","Komagataella phaffii","C4R009",""
"6A5P","K","RNA polymerase II subunit B12.5","Komagataella phaffii","C4R3Z5",""
"6A5P","L","RNA polymerase subunit ABC10-alpha","Komagataella phaffii","F2QMI1",""
"6A5P","N","DNA (198-MER)","synthetic construct","",""
"6A5P","P","RNA (5'-R(P*UP*GP*GP*GP*UP*GP*GP*UP*GP*GP*C)-3')","synthetic construct","",""
"6A5P","T","DNA (198-MER)","synthetic construct","",""
"6A5P","a","Histone H3.3","Homo sapiens","P84243","Histone H3.3"
"6A5P","b","Histone H4","Homo sapiens","P62805","Histone H4"
"6A5P","c","Histone H2A type 1-B/E","Homo sapiens","P04908","Histone H2A type 1-B/E"
"6A5P","d","Histone H2B type 1-J","Homo sapiens","P06899","Histone H2B type 1-J"
"6A5P","e","Histone H3.3","Homo sapiens","P84243","Histone H3.3"
"6A5P","f","Histone H4","Homo sapiens","P62805","Histone H4"
"6A5P","g","Histone H2A type 1-B/E","Homo sapiens","P04908","Histone H2A type 1-B/E"
"6A5P","h","Histone H2B type 1-J","Homo sapiens","P06899","Histone H2B type 1-J"
"6A5R","A","DNA-directed RNA polymerase subunit","Komagataella phaffii","C4R4Y0","DNA-directed RNA polymerase subunit"
"6A5R","B","DNA-directed RNA polymerase subunit beta","Komagataella phaffii","C4QZQ7","DNA-directed RNA polymerase subunit beta"
"6A5R","C","RNA polymerase II third largest subunit B44, part of central core","Komagataella phaffii","C4R7L2",""
"6A5R","D","RNA polymerase II subunit B32","Komagataella phaffii","C4R2U9",""
"6A5R","E","RNA polymerase subunit ABC27, common to RNA polymerases I, II, and III","Komagataella phaffii","C4R3P8",""
"6A5R","F","RNA polymerase subunit ABC23, common to RNA polymerases I, II, and III","Komagataella phaffii","C4R1V1",""
"6A5R","G","RNA polymerase II subunit","Komagataella phaffii","C4R9A1",""
"6A5R","H","DNA-directed RNA polymerases I, II, and III subunit RPABC3","Komagataella phaffii","C4R273","DNA-directed RNA polymerases I, II, and III subunit RPABC3"
"6A5R","I","DNA-directed RNA polymerase subunit","Komagataella phaffii","F2QPE6","DNA-directed RNA polymerase subunit"
"6A5R","J","RNA polymerase subunit ABC10-beta, common to RNA polymerases I, II, and III","Komagataella phaffii","C4R009",""
"6A5R","K","RNA polymerase II subunit B12.5","Komagataella phaffii","C4R3Z5",""
"6A5R","L","RNA polymerase subunit ABC10-alpha","Komagataella phaffii","F2QMI1",""
"6A5R","N","DNA (198-MER)","synthetic construct","",""
"6A5R","P","RNA (5'-R(P*UP*CP*UP*CP*GP*UP*GP*CP*CP*UP*G)-3')","synthetic construct","",""
"6A5R","T","DNA (198-MER)","synthetic construct","",""
"6A5R","a","Histone H3.3","Homo sapiens","P84243","Histone H3.3"
"6A5R","b","Histone H4","Homo sapiens","P62805","Histone H4"
"6A5R","c","Histone H2A type 1-B/E","Homo sapiens","P04908","Histone H2A type 1-B/E"
"6A5R","d","Histone H2B type 1-J","Homo sapiens","P06899","Histone H2B type 1-J"
"6A5R","e","Histone H3.3","Homo sapiens","P84243","Histone H3.3"
"6A5R","f","Histone H4","Homo sapiens","P62805","Histone H4"
"6A5R","g","Histone H2A type 1-B/E","Homo sapiens","P04908","Histone H2A type 1-B/E"
"6A5R","h","Histone H2B type 1-J","Homo sapiens","P06899","Histone H2B type 1-J"
"6A5T","A","DNA-directed RNA polymerase subunit","Komagataella phaffii","C4R4Y0","DNA-directed RNA polymerase subunit"
"6A5T","B","DNA-directed RNA polymerase subunit beta","Komagataella phaffii","C4QZQ7","DNA-directed RNA polymerase subunit beta"
"6A5T","C","RNA polymerase II third largest subunit B44, part of central core","Komagataella phaffii","C4R7L2",""
"6A5T","D","RNA polymerase II subunit B32","Komagataella phaffii","C4R2U9",""
"6A5T","E","RNA polymerase subunit ABC27, common to RNA polymerases I, II, and III","Komagataella phaffii","C4R3P8",""
"6A5T","F","RNA polymerase subunit ABC23, common to RNA polymerases I, II, and III","Komagataella phaffii","C4R1V1",""
"6A5T","G","RNA polymerase II subunit","Komagataella phaffii","C4R9A1",""
"6A5T","H","DNA-directed RNA polymerases I, II, and III subunit RPABC3","Komagataella phaffii","C4R273","DNA-directed RNA polymerases I, II, and III subunit RPABC3"
"6A5T","I","DNA-directed RNA polymerase subunit","Komagataella phaffii","F2QPE6","DNA-directed RNA polymerase subunit"
"6A5T","J","RNA polymerase subunit ABC10-beta, common to RNA polymerases I, II, and III","Komagataella phaffii","C4R009",""
"6A5T","K","RNA polymerase II subunit B12.5","Komagataella phaffii","C4R3Z5",""
"6A5T","L","RNA polymerase subunit ABC10-alpha","Komagataella phaffii","F2QMI1",""
"6A5T","N","DNA (198-MER)","synthetic construct","",""
"6A5T","P","RNA (5'-R(P*GP*GP*UP*GP*UP*CP*UP*UP*GP*GP*G)-3')","synthetic construct","",""
"6A5T","T","DNA (198-MER)","synthetic construct","",""
"6A5T","a","Histone H3.3","Homo sapiens","P84243","Histone H3.3"
"6A5T","b","Histone H4","Homo sapiens","P62805","Histone H4"
"6A5T","c","Histone H2A type 1-B/E","Homo sapiens","P04908","Histone H2A type 1-B/E"
"6A5T","d","Histone H2B type 1-J","Homo sapiens","P06899","Histone H2B type 1-J"
"6A5T","e","Histone H3.3","Homo sapiens","P84243","Histone H3.3"
"6A5T","f","Histone H4","Homo sapiens","P62805","Histone H4"
"6A5T","g","Histone H2A type 1-B/E","Homo sapiens","P04908","Histone H2A type 1-B/E"
"6A5T","h","Histone H2B type 1-J","Homo sapiens","P06899","Histone H2B type 1-J"
"6A5U","0","DNA (40-MER)","synthetic construct","",""
"6A5U","1","DNA (40-MER)","synthetic construct","",""
"6A5U","A","DNA-directed RNA polymerase subunit","Komagataella phaffii","C4R4Y0","DNA-directed RNA polymerase subunit"
"6A5U","B","DNA-directed RNA polymerase subunit beta","Komagataella phaffii","C4QZQ7","DNA-directed RNA polymerase subunit beta"
"6A5U","C","RNA polymerase II third largest subunit B44, part of central core","Komagataella phaffii","C4R7L2",""
"6A5U","D","RNA polymerase II subunit B32","Komagataella phaffii","C4R2U9",""
"6A5U","E","RNA polymerase subunit ABC27, common to RNA polymerases I, II, and III","Komagataella phaffii","C4R3P8",""
"6A5U","F","RNA polymerase subunit ABC23, common to RNA polymerases I, II, and III","Komagataella phaffii","C4R1V1",""
"6A5U","G","RNA polymerase II subunit","Komagataella phaffii","C4R9A1",""
"6A5U","H","DNA-directed RNA polymerases I, II, and III subunit RPABC3","Komagataella phaffii","C4R273","DNA-directed RNA polymerases I, II, and III subunit RPABC3"
"6A5U","I","DNA-directed RNA polymerase subunit","Komagataella phaffii","F2QPE6","DNA-directed RNA polymerase subunit"
"6A5U","J","RNA polymerase subunit ABC10-beta, common to RNA polymerases I, II, and III","Komagataella phaffii","C4R009",""
"6A5U","K","RNA polymerase II subunit B12.5","Komagataella phaffii","C4R3Z5",""
"6A5U","L","RNA polymerase subunit ABC10-alpha","Komagataella phaffii","F2QMI1",""
"6A5U","N","DNA (198-MER)","synthetic construct","",""
"6A5U","P","RNA (5'-R(P*GP*GP*UP*GP*UP*CP*UP*UP*GP*GP*G)-3')","synthetic construct","",""
"6A5U","T","DNA (198-MER)","synthetic construct","",""
"6A5U","a","Histone H3.3","Homo sapiens","P84243","Histone H3.3"
"6A5U","b","Histone H4","Homo sapiens","P62805","Histone H4"
"6A5U","c","Histone H2A, Histone H2A type 1-B/E","Homo sapiens","P04908","Histone H2A type 1-B/E"
"6A5U","d","Histone H2B, Histone H2B type 1-J","Homo sapiens","P06899","Histone H2B type 1-J"
"6A5U","e","Histone H3.3","Homo sapiens","P84243","Histone H3.3"
"6A5U","f","Histone H4","Homo sapiens","P62805","Histone H4"
"6A5U","g","Histone H2A, Histone H2A type 1-B/E","Homo sapiens","P04908","Histone H2A type 1-B/E"
"6A5U","h","Histone H2B, Histone H2B type 1-J","Homo sapiens","P06899","Histone H2B type 1-J"
"6A5V","0","DNA (31-MER)","synthetic construct","",""
"6A5V","1","DNA (31-MER)","synthetic construct","",""
"6A5V","A","DNA-directed RNA polymerase subunit","Komagataella phaffii","C4R4Y0","DNA-directed RNA polymerase subunit"
"6A5V","B","DNA-directed RNA polymerase subunit beta","Komagataella phaffii","C4QZQ7","DNA-directed RNA polymerase subunit beta"
"6A5V","C","RNA polymerase II third largest subunit B44, part of central core","Komagataella phaffii","C4R7L2",""
"6A5V","D","RNA polymerase II subunit B32","Komagataella phaffii","C4R2U9",""
"6A5V","E","RNA polymerase subunit ABC27, common to RNA polymerases I, II, and III","Komagataella phaffii","C4R3P8",""
"6A5V","F","RNA polymerase subunit ABC23, common to RNA polymerases I, II, and III","Komagataella phaffii","C4R1V1",""
"6A5V","G","RNA polymerase II subunit","Komagataella phaffii","C4R9A1",""
"6A5V","H","DNA-directed RNA polymerases I, II, and III subunit RPABC3","Komagataella phaffii","C4R273","DNA-directed RNA polymerases I, II, and III subunit RPABC3"
"6A5V","I","DNA-directed RNA polymerase subunit","Komagataella phaffii","F2QPE6","DNA-directed RNA polymerase subunit"
"6A5V","J","RNA polymerase subunit ABC10-beta, common to RNA polymerases I, II, and III","Komagataella phaffii","C4R009",""
"6A5V","K","RNA polymerase II subunit B12.5","Komagataella phaffii","C4R3Z5",""
"6A5V","L","RNA polymerase subunit ABC10-alpha","Komagataella phaffii","F2QMI1",""
"6A5V","N","DNA (198-MER)","synthetic construct","",""
"6A5V","P","RNA (5'-R(P*GP*UP*GP*UP*CP*UP*UP*GP*GP*GP*U)-3')","synthetic construct","",""
"6A5V","T","DNA (198-MER)","synthetic construct","",""
"6A5V","a","Histone H3.3","Homo sapiens","P84243","Histone H3.3"
"6A5V","b","Histone H4","Homo sapiens","P62805","Histone H4"
"6A5V","c","Histone H2A, Histone H2A type 1-B/E","Homo sapiens","P04908","Histone H2A type 1-B/E"
"6A5V","d","Histone H2B, Histone H2B type 1-J","Homo sapiens","P06899","Histone H2B type 1-J"
"6A5V","e","Histone H3.3","Homo sapiens","P84243","Histone H3.3"
"6A5V","f","Histone H4","Homo sapiens","P62805","Histone H4"
"6A5V","g","Histone H2A, Histone H2A type 1-B/E","Homo sapiens","P04908","Histone H2A type 1-B/E"
"6A5V","h","Histone H2B, Histone H2B type 1-J","Homo sapiens","P06899","Histone H2B type 1-J"
"6BUZ","A","Histone H3-like centromeric protein A","Homo sapiens","P49450","Histone H3-like centromeric protein A"
"6BUZ","B","Histone H4","Homo sapiens","P62805","Histone H4"
"6BUZ","C","Histone H2A","Homo sapiens","P04908","Histone H2A type 1-B/E"
"6BUZ","D","Histone H2B","Homo sapiens","P06899","Histone H2B type 1-J"
"6BUZ","E","Histone H3-like centromeric protein A","Homo sapiens","P49450","Histone H3-like centromeric protein A"
"6BUZ","F","Histone H4","Homo sapiens","P62805","Histone H4"
"6BUZ","G","Histone H2A","Homo sapiens","P04908","Histone H2A type 1-B/E"
"6BUZ","H","Histone H2B","Homo sapiens","P06899","Histone H2B type 1-J"
"6BUZ","I","DNA (147-MER)","synthetic construct","",""
"6BUZ","J","DNA (147-MER)","synthetic construct","",""
"6BUZ","N","Maltose-binding periplasmic protein, Centromere protein N chimera","Escherichia coli,Homo sapiens","P0AEY0#Q96H22","P0AEY0:#Maltose/maltodextrin-binding periplasmic protein#Q96H22:#Centromere protein N"
"6C0W","A","Histone H3-like centromeric protein A","Homo sapiens","P49450","Histone H3-like centromeric protein A"
"6C0W","B","Histone H4","Homo sapiens","P62805","Histone H4"
"6C0W","C","Histone H2A","Homo sapiens","Q93077","Histone H2A type 1-C"
"6C0W","D","Histone H2B","Homo sapiens","P62807","Histone H2B type 1-C/E/F/G/I"
"6C0W","E","Histone H3-like centromeric protein A","Homo sapiens","P49450","Histone H3-like centromeric protein A"
"6C0W","F","Histone H4","Homo sapiens","P62805","Histone H4"
"6C0W","G","Histone H2A","Homo sapiens","Q93077","Histone H2A type 1-C"
"6C0W","H","Histone H2B","Homo sapiens","P62807","Histone H2B type 1-C/E/F/G/I"
"6C0W","I","147 mer DNA","Escherichia coli","",""
"6C0W","J","147 mer DNA","Escherichia coli","",""
"6C0W","K","Centromere protein N","Homo sapiens","Q96H22","Centromere protein N"
"6FML","A","RuvB-like helicase","Chaetomium thermophilum","G0RYI5","RuvB-like helicase"
"6FML","B","RuvB-like helicase","Chaetomium thermophilum","G0RYI5","RuvB-like helicase"
"6FML","C","RuvB-like helicase","Chaetomium thermophilum","G0RYI5","RuvB-like helicase"
"6FML","D","RuvB-like helicase","Chaetomium thermophilum","G0RYC2","RuvB-like helicase"
"6FML","E","RuvB-like helicase","Chaetomium thermophilum","G0RYC2","RuvB-like helicase"
"6FML","F","RuvB-like helicase","Chaetomium thermophilum","G0RYC2","RuvB-like helicase"
"6FML","G","Ino80","Chaetomium thermophilum","",""
"6FML","H","les2","Chaetomium thermophilum","G0RY01",""
"6FML","I","Ies6","Chaetomium thermophilum","G0S590",""
"6FML","J","Actin related protein 5","Chaetomium thermophilum","G0S589",""
"6FML","K","Nucleosomal DNA Strand 1","synthetic construct","",""
"6FML","L","Nucleosomal DNA Strand 2","synthetic construct","",""
"6FML","M","Histone H3.2","Homo sapiens","Q71DI3","Histone H3.2"
"6FML","N","Histone H4","Homo sapiens","P62805","Histone H4"
"6FML","O","Histone H2A type 1","Homo sapiens","P0C0S8","Histone H2A type 1"
"6FML","P","Histone H2B type 1-C/E/F/G/I","Homo sapiens","P62807","Histone H2B type 1-C/E/F/G/I"
"6FML","Q","Histone H3.2","Homo sapiens","Q71DI3","Histone H3.2"
"6FML","R","Histone H4","Homo sapiens","P62805","Histone H4"
"6FML","S","Histone H2A type 1","Homo sapiens","P0C0S8","Histone H2A type 1"
"6FML","T","Histone H2B type 1-C/E/F/G/I","Homo sapiens","P62807","Histone H2B type 1-C/E/F/G/I"
"6FTX","A","Histone H3","Petromyzon marinus","S4RAZ3",""
"6FTX","B","Histone H4","Xenopus laevis","P62799","Histone H4"
"6FTX","C","Histone H2A type 1","Xenopus laevis","P06897","Histone H2A type 1"
"6FTX","D","Histone H2B","Xenopus tropicalis","Q28D68","Histone H2B"
"6FTX","E","Histone H3.3C","Xenopus laevis","P02302","Histone H3.3C"
"6FTX","F","Histone H4","Xenopus laevis","P62799","Histone H4"
"6FTX","G","Histone H2A type 1","Xenopus laevis","P06897","Histone H2A type 1"
"6FTX","H","Histone H2B","Xenopus tropicalis","Q28D68","Histone H2B"
"6FTX","I","DNA (159-MER)","synthetic construct","",""
"6FTX","J","DNA (160-MER)","synthetic construct","",""
"6FTX","N","Polyubiquitin-B","Homo sapiens","P0CG47","Polyubiquitin-B"
"6FTX","O","Polyubiquitin-B","Homo sapiens","P0CG47","Polyubiquitin-B"
"6FTX","W","Chromatin-remodeling ATPase","Saccharomyces cerevisiae","P32657","Chromo domain-containing protein 1"
"6G0L","A","Histone H3","Xenopus laevis","Q92133","Histone H3"
"6G0L","B","Histone H4","Xenopus laevis","P62799","Histone H4"
"6G0L","C","Histone H2A type 1","Xenopus laevis","P06897","Histone H2A type 1"
"6G0L","D","Histone H4","Xenopus laevis","A0A1L8G0X3","Histone H4"
"6G0L","E","Histone H3","Xenopus laevis","Q92133","Histone H3"
"6G0L","F","Histone H4","Xenopus laevis","P62799","Histone H4"
"6G0L","G","Histone H2A type 1","Xenopus laevis","P06897","Histone H2A type 1"
"6G0L","H","Histone H4","Xenopus laevis","A0A1L8G0X3","Histone H4"
"6G0L","I","DNA (176-MER)","synthetic construct","",""
"6G0L","J","DNA (177-MER)","synthetic construct","",""
"6G0L","M","Chromo domain-containing protein 1","Saccharomyces cerevisiae","P32657","Chromo domain-containing protein 1"
"6G0L","W","Chromo domain-containing protein 1","Saccharomyces cerevisiae","P32657","Chromo domain-containing protein 1"
"6GEJ","A","Histone H3","Saccharomyces cerevisiae","P61830","Histone H3"
"6GEJ","B","Histone H3","Saccharomyces cerevisiae","P61830","Histone H3"
"6GEJ","C","Histone H4","Saccharomyces cerevisiae","P02309","Histone H4"
"6GEJ","D","Histone H4","Saccharomyces cerevisiae","P02309","Histone H4"
"6GEJ","E","Histone H2A.1","Saccharomyces cerevisiae","P04911","Histone H2A.1"
"6GEJ","F","Histone H2A.1","Saccharomyces cerevisiae","P04911","Histone H2A.1"
"6GEJ","G","Histone H2B.1","Saccharomyces cerevisiae","P02293","Histone H2B.1"
"6GEJ","H","Histone H2B.1","Saccharomyces cerevisiae","P02293","Histone H2B.1"
"6GEJ","I","DNA (154-MER)","synthetic construct","",""
"6GEJ","J","DNA (154-MER)","synthetic construct","",""
"6GEJ","M","Helicase SWR1","Saccharomyces cerevisiae","Q05471","Helicase SWR1"
"6GEJ","R","Actin-like protein ARP6","Saccharomyces cerevisiae","Q12509","Actin-like protein ARP6"
"6GEJ","S","Vacuolar protein sorting-associated protein 71","Saccharomyces cerevisiae","Q03433","Vacuolar protein sorting-associated protein 71"
"6GEJ","T","RuvB-like protein 1","Saccharomyces cerevisiae","Q03940","RuvB-like protein 1"
"6GEJ","U","RuvB-like protein 2","Saccharomyces cerevisiae","Q12464","RuvB-like protein 2"
"6GEJ","V","RuvB-like protein 1","Saccharomyces cerevisiae","Q03940","RuvB-like protein 1"
"6GEJ","W","RuvB-like protein 2","Saccharomyces cerevisiae","Q12464","RuvB-like protein 2"
"6GEJ","X","RuvB-like protein 1","Saccharomyces cerevisiae","Q03940","RuvB-like protein 1"
"6GEJ","Y","RuvB-like protein 2","Saccharomyces cerevisiae","Q12464","RuvB-like protein 2"
"6GEJ","Z","Vacuolar protein sorting-associated protein 72","Saccharomyces cerevisiae","",""
"6GEN","A","Histone H3","Saccharomyces cerevisiae","P61830","Histone H3"
"6GEN","B","Histone H3","Saccharomyces cerevisiae","P61830","Histone H3"
"6GEN","C","Histone H4","Saccharomyces cerevisiae","P02309","Histone H4"
"6GEN","D","Histone H4","Saccharomyces cerevisiae","P02309","Histone H4"
"6GEN","E","Histone H2A.1","Saccharomyces cerevisiae","P04911","Histone H2A.1"
"6GEN","F","Histone H2A.1","Saccharomyces cerevisiae","P04911","Histone H2A.1"
"6GEN","G","Histone H2B.1","Saccharomyces cerevisiae","P02293","Histone H2B.1"
"6GEN","H","Histone H2B.1","Saccharomyces cerevisiae","P02293","Histone H2B.1"
"6GEN","I","DNA (173-MER)","synthetic construct","",""
"6GEN","J","DNA (173-MER)","synthetic construct","",""
"6GEN","M","Helicase SWR1","Saccharomyces cerevisiae","Q05471","Helicase SWR1"
"6GEN","R","Actin-like protein ARP6","Saccharomyces cerevisiae","Q12509","Actin-like protein ARP6"
"6GEN","S","Vacuolar protein sorting-associated protein 71","Saccharomyces cerevisiae","Q03433","Vacuolar protein sorting-associated protein 71"
"6GEN","T","RuvB-like protein 1","Saccharomyces cerevisiae","Q03940","RuvB-like protein 1"
"6GEN","U","RuvB-like protein 2","Saccharomyces cerevisiae","Q12464","RuvB-like protein 2"
"6GEN","V","RuvB-like protein 1","Saccharomyces cerevisiae","Q03940","RuvB-like protein 1"
"6GEN","W","RuvB-like protein 2","Saccharomyces cerevisiae","Q12464","RuvB-like protein 2"
"6GEN","X","RuvB-like protein 1","Saccharomyces cerevisiae","Q03940","RuvB-like protein 1"
"6GEN","Y","RuvB-like protein 2","Saccharomyces cerevisiae","Q12464","RuvB-like protein 2"
"6GEN","Z","Vacuolar protein sorting-associated protein 72","Saccharomyces cerevisiae","",""
"6HTS","A","RuvB-like 1","Homo sapiens","Q9Y265","RuvB-like 1"
"6HTS","B","RuvB-like 2","Homo sapiens","Q9Y230","RuvB-like 2"
"6HTS","C","RuvB-like 1","Homo sapiens","Q9Y265","RuvB-like 1"
"6HTS","D","RuvB-like 2","Homo sapiens","Q9Y230","RuvB-like 2"
"6HTS","E","RuvB-like 1","Homo sapiens","Q9Y265","RuvB-like 1"
"6HTS","F","RuvB-like 2","Homo sapiens","Q9Y230","RuvB-like 2"
"6HTS","G","Chromatin-remodeling ATPase INO80","Homo sapiens","Q9ULG1","Chromatin-remodeling ATPase INO80"
"6HTS","H","Actin-related protein 5","Homo sapiens","Q9H9F9","Actin-related protein 5"
"6HTS","I","Histone H3.1","Homo sapiens","P68431","Histone H3.1"
"6HTS","J","Histone H4","Homo sapiens","P62805","Histone H4"
"6HTS","K","Histone H2A type 1-B/E","Homo sapiens","P04908","Histone H2A type 1-B/E"
"6HTS","L","Histone H2B type 1-J","Homo sapiens","P06899","Histone H2B type 1-J"
"6HTS","M","Histone H3.1","Homo sapiens","P68431","Histone H3.1"
"6HTS","N","Histone H4","Homo sapiens","P62805","Histone H4"
"6HTS","O","Histone H2A type 1-B/E","Homo sapiens","P04908","Histone H2A type 1-B/E"
"6HTS","P","Histone H2B type 1-J","Homo sapiens","P06899","Histone H2B type 1-J"
"6HTS","R","INO80 complex subunit B","Homo sapiens","Q9C086","INO80 complex subunit B"
"6HTS","X","DNA (150-MER)","synthetic construct","",""
"6HTS","Y","DNA (150-MER)","synthetic construct","",""
"6I84","A","DNA-directed RNA polymerase II subunit RPB1","Saccharomyces cerevisiae","P04050","DNA-directed RNA polymerase II subunit RPB1"
"6I84","B","DNA-directed RNA polymerase II subunit RPB2","Saccharomyces cerevisiae","P08518","DNA-directed RNA polymerase II subunit RPB2"
"6I84","C","DNA-directed RNA polymerase II subunit RPB3","Saccharomyces cerevisiae","P16370","DNA-directed RNA polymerase II subunit RPB3"
"6I84","D","DNA-directed RNA polymerase II subunit RPB4","Saccharomyces cerevisiae","P20433","DNA-directed RNA polymerase II subunit RPB4"
"6I84","E","DNA-directed RNA polymerases I, II, and III subunit RPABC1","Saccharomyces cerevisiae","P20434","DNA-directed RNA polymerases I, II, and III subunit RPABC1"
"6I84","F","DNA-directed RNA polymerases I, II, and III subunit RPABC2","Saccharomyces cerevisiae","P20435","DNA-directed RNA polymerases I, II, and III subunit RPABC2"
"6I84","G","DNA-directed RNA polymerase II subunit RPB7","Saccharomyces cerevisiae","P34087","DNA-directed RNA polymerase II subunit RPB7"
"6I84","H","DNA-directed RNA polymerases I, II, and III subunit RPABC3","Saccharomyces cerevisiae","P20436","DNA-directed RNA polymerases I, II, and III subunit RPABC3"
"6I84","I","DNA-directed RNA polymerase II subunit RPB9","Saccharomyces cerevisiae","P27999","DNA-directed RNA polymerase II subunit RPB9"
"6I84","J","DNA-directed RNA polymerases I, II, and III subunit RPABC5","Saccharomyces cerevisiae","P22139","DNA-directed RNA polymerases I, II, and III subunit RPABC5"
"6I84","K","DNA-directed RNA polymerase II subunit RPB11","Saccharomyces cerevisiae","P38902","DNA-directed RNA polymerase II subunit RPB11"
"6I84","L","DNA-directed RNA polymerases I, II, and III subunit RPABC4","Saccharomyces cerevisiae","P40422","DNA-directed RNA polymerases I, II, and III subunit RPABC4"
"6I84","M","Histone H3.2","Xenopus laevis","P84233","Histone H3.2"
"6I84","N","DNA (158-MER)","synthetic construct","",""
"6I84","O","Histone H4","Xenopus laevis","P62799","Histone H4"
"6I84","P","RNA","synthetic construct","",""
"6I84","Q","Histone H2A type 1","Xenopus laevis","P06897","Histone H2A type 1"
"6I84","R","Histone H2B 1.1","Xenopus laevis","P02281","Histone H2B 1.1"
"6I84","S","Histone H3.2","Xenopus laevis","P84233","Histone H3.2"
"6I84","T","DNA (170-MER)","synthetic construct","",""
"6I84","U","Histone H4","Xenopus laevis","P62799","Histone H4"
"6I84","V","Histone H2A type 1","Xenopus laevis","P06897","Histone H2A type 1"
"6I84","W","Histone H2B 1.1","Xenopus laevis","P02281","Histone H2B 1.1"
"6IR9","A","DNA-directed RNA polymerase subunit","Linanthus concinnus","C4R4Y0","DNA-directed RNA polymerase subunit"
"6IR9","B","DNA-directed RNA polymerase subunit beta","Komagataella phaffii","C4QZQ7","DNA-directed RNA polymerase subunit beta"
"6IR9","C","RNA polymerase II third largest subunit B44, part of central core","Komagataella phaffii","C4R7L2",""
"6IR9","D","RNA polymerase II subunit B32","Komagataella phaffii","C4R2U9",""
"6IR9","E","RNA polymerase subunit ABC27, common to RNA polymerases I, II, and III","Komagataella phaffii","C4R3P8",""
"6IR9","F","RNA polymerase subunit ABC23, common to RNA polymerases I, II, and III","Komagataella phaffii","C4R1V1",""
"6IR9","G","RNA polymerase II subunit","Komagataella phaffii","C4R9A1",""
"6IR9","H","DNA-directed RNA polymerases I, II, and III subunit RPABC3","Komagataella phaffii","C4R273","DNA-directed RNA polymerases I, II, and III subunit RPABC3"
"6IR9","I","DNA-directed RNA polymerase subunit","Komagataella phaffii","F2QPE6","DNA-directed RNA polymerase subunit"
"6IR9","J","RNA polymerase subunit ABC10-beta, common to RNA polymerases I, II, and III","Komagataella phaffii","C4R009",""
"6IR9","K","RNA polymerase II subunit B12.5","Komagataella phaffii","C4R3Z5",""
"6IR9","L","RNA polymerase subunit ABC10-alpha","Komagataella phaffii","F2QMI1",""
"6IR9","M","Transcription elongation factor 1 homolog","Komagataella phaffii","C4QZ45",""
"6IR9","N","DNA (198-MER)","synthetic construct","",""
"6IR9","P","RNA (5'-R(P*GP*CP*CP*UP*GP*GP*UP*GP*UP*CP*UP*UP*GP*GP*GP*U)-3')","synthetic construct","",""
"6IR9","T","DNA (198-MER)","synthetic construct","",""
"6IR9","V","Transcription elongation factor SPT4","Komagataella phaffii","C4R0E6","Transcription elongation factor SPT4"
"6IR9","W","Spt5","Komagataella phaffii","C4R370",""
"6IR9","a","Histone H3.3","Homo sapiens","P84243","Histone H3.3"
"6IR9","b","Histone H4","Homo sapiens","P62805","Histone H4"
"6IR9","c","Histone H2A type 1-B/E","Homo sapiens","P04908","Histone H2A type 1-B/E"
"6IR9","d","Histone H2B type 1-J","Homo sapiens","P06899","Histone H2B type 1-J"
"6IR9","e","Histone H3.3","Homo sapiens","P84243","Histone H3.3"
"6IR9","f","Histone H4","Homo sapiens","P62805","Histone H4"
"6IR9","g","Histone H2A type 1-B/E","Homo sapiens","P04908","Histone H2A type 1-B/E"
"6IR9","h","Histone H2B type 1-J","Homo sapiens","P06899","Histone H2B type 1-J"
"6J4W","A","DNA-directed RNA polymerase subunit","Komagataella phaffii","C4R4Y0","DNA-directed RNA polymerase subunit"
"6J4W","B","DNA-directed RNA polymerase subunit beta","Komagataella phaffii","C4QZQ7","DNA-directed RNA polymerase subunit beta"
"6J4W","C","RNA polymerase II third largest subunit B44, part of central core","Komagataella phaffii","C4R7L2",""
"6J4W","D","RNA polymerase II subunit B32","Komagataella phaffii","C4R2U9",""
"6J4W","E","RNA polymerase subunit ABC27, common to RNA polymerases I, II, and III","Komagataella phaffii","C4R3P8",""
"6J4W","F","RNA polymerase subunit ABC23, common to RNA polymerases I, II, and III","Komagataella phaffii","C4R1V1",""
"6J4W","G","RNA polymerase II subunit","Komagataella phaffii","C4R9A1",""
"6J4W","H","DNA-directed RNA polymerases I, II, and III subunit RPABC3","Komagataella phaffii","C4R273","DNA-directed RNA polymerases I, II, and III subunit RPABC3"
"6J4W","I","DNA-directed RNA polymerase subunit","Komagataella phaffii","F2QPE6","DNA-directed RNA polymerase subunit"
"6J4W","J","RNA polymerase subunit ABC10-beta","Komagataella phaffii","F2QTN1",""
"6J4W","K","RNA polymerase II subunit B12.5","Komagataella phaffii","C4R3Z5",""
"6J4W","L","RNA polymerase subunit ABC10-alpha","Komagataella phaffii","F2QMI1",""
"6J4W","M","Transcription elongation factor 1 homolog","Komagataella phaffii","C4QZ45",""
"6J4W","N","DNA (198-MER)","synthetic construct","",""
"6J4W","P","RNA (5'-R(P*GP*UP*GP*UP*UP*UP*GP*GP*GP*UP*GP*GP*UP*GP*GP*C)-3')","synthetic construct","",""
"6J4W","T","DNA (198-MER)","synthetic construct","",""
"6J4W","V","Transcription elongation factor SPT4","Komagataella phaffii","C4R0E6","Transcription elongation factor SPT4"
"6J4W","W","Spt5","Komagataella pastoris","C4R370",""
"6J4W","a","Histone H3.3","Homo sapiens","P84243","Histone H3.3"
"6J4W","b","Histone H4","Homo sapiens","P62805","Histone H4"
"6J4W","c","Histone H2A type 1-B/E","Homo sapiens","P04908","Histone H2A type 1-B/E"
"6J4W","d","Histone H2B type 1-J","Homo sapiens","P06899","Histone H2B type 1-J"
"6J4W","e","Histone H3.3","Homo sapiens","P84243","Histone H3.3"
"6J4W","f","Histone H4","Homo sapiens","P62805","Histone H4"
"6J4W","g","Histone H2A type 1-B/E","Homo sapiens","P04908","Histone H2A type 1-B/E"
"6J4W","h","Histone H2B type 1-J","Homo sapiens","P06899","Histone H2B type 1-J"
"6J4X","A","DNA-directed RNA polymerase subunit","Komagataella phaffii","C4R4Y0","DNA-directed RNA polymerase subunit"
"6J4X","B","DNA-directed RNA polymerase subunit beta","Komagataella phaffii","C4QZQ7","DNA-directed RNA polymerase subunit beta"
"6J4X","C","RNA polymerase II third largest subunit B44, part of central core","Komagataella phaffii","C4R7L2",""
"6J4X","D","RNA polymerase II subunit B32","Komagataella phaffii","C4R2U9",""
"6J4X","E","RNA polymerase subunit ABC27, common to RNA polymerases I, II, and III","Komagataella phaffii","C4R3P8",""
"6J4X","F","RNA polymerase subunit ABC23, common to RNA polymerases I, II, and III","Komagataella phaffii","C4R1V1",""
"6J4X","G","RNA polymerase II subunit","Komagataella phaffii","C4R9A1",""
"6J4X","H","DNA-directed RNA polymerases I, II, and III subunit RPABC3","Komagataella phaffii","C4R273","DNA-directed RNA polymerases I, II, and III subunit RPABC3"
"6J4X","I","DNA-directed RNA polymerase subunit","Komagataella phaffii","F2QPE6","DNA-directed RNA polymerase subunit"
"6J4X","J","RNA polymerase subunit ABC10-beta, common to RNA polymerases I, II, and III","Komagataella phaffii","C4R009",""
"6J4X","K","RNA polymerase II subunit B12.5","Komagataella phaffii","C4R3Z5",""
"6J4X","L","RNA polymerase subunit ABC10-alpha","Komagataella phaffii","F2QMI1",""
"6J4X","M","Transcription elongation factor 1 homolog","Komagataella phaffii","C4QZ45",""
"6J4X","N","DNA (198-MER)","synthetic construct","",""
"6J4X","P","RNA (5'-R(P*CP*CP*UP*GP*GP*UP*GP*UP*CP*UP*UP*GP*GP*GP*UP*G)-3')","synthetic construct","",""
"6J4X","T","DNA (198-MER)","synthetic construct","",""
"6J4X","V","Transcription elongation factor SPT4","Komagataella phaffii","C4R0E6","Transcription elongation factor SPT4"
"6J4X","W","Protein that forms a complex with Spt4p","Komagataella phaffii","C4R370",""
"6J4X","a","Histone H3.3","Homo sapiens","P84243","Histone H3.3"
"6J4X","b","Histone H4","Homo sapiens","P62805","Histone H4"
"6J4X","c","Histone H2A type 1-B/E","Homo sapiens","P04908","Histone H2A type 1-B/E"
"6J4X","d","Histone H2B type 1-J","Homo sapiens","P06899","Histone H2B type 1-J"
"6J4X","e","Histone H3.3","Homo sapiens","P84243","Histone H3.3"
"6J4X","f","Histone H4","Homo sapiens","P62805","Histone H4"
"6J4X","g","Histone H2A type 1-B/E","Homo sapiens","P04908","Histone H2A type 1-B/E"
"6J4X","h","Histone H2B type 1-J","Homo sapiens","P06899","Histone H2B type 1-J"
"6J4Y","A","DNA-directed RNA polymerase subunit","Komagataella phaffii","C4R4Y0","DNA-directed RNA polymerase subunit"
"6J4Y","B","DNA-directed RNA polymerase subunit beta","Komagataella phaffii","C4QZQ7","DNA-directed RNA polymerase subunit beta"
"6J4Y","C","RNA polymerase II third largest subunit B44, part of central core","Komagataella phaffii","C4R7L2",""
"6J4Y","D","RNA polymerase II subunit B32","Komagataella phaffii","C4R2U9",""
"6J4Y","E","RNA polymerase subunit ABC27, common to RNA polymerases I, II, and III","Komagataella phaffii","C4R3P8",""
"6J4Y","F","RNA polymerase subunit ABC23, common to RNA polymerases I, II, and III","Komagataella phaffii","C4R1V1",""
"6J4Y","G","RNA polymerase II subunit","Komagataella phaffii","C4R9A1",""
"6J4Y","H","DNA-directed RNA polymerases I, II, and III subunit RPABC3","Komagataella phaffii","C4R273","DNA-directed RNA polymerases I, II, and III subunit RPABC3"
"6J4Y","I","DNA-directed RNA polymerase subunit","Komagataella phaffii","F2QPE6","DNA-directed RNA polymerase subunit"
"6J4Y","J","RNA polymerase subunit ABC10-beta, common to RNA polymerases I, II, and III","Komagataella phaffii","C4R009",""
"6J4Y","K","RNA polymerase II subunit B12.5","Komagataella phaffii","C4R3Z5",""
"6J4Y","L","RNA polymerase subunit ABC10-alpha","Komagataella phaffii","F2QMI1",""
"6J4Y","M","Transcription elongation factor 1 homolog","Komagataella phaffii","C4QZ45",""
"6J4Y","N","DNA (198-MER)","synthetic construct","",""
"6J4Y","P","RNA (5'-R(P*CP*CP*UP*GP*GP*UP*GP*UP*CP*UP*UP*GP*GP*GP*UP*G)-3')","synthetic construct","",""
"6J4Y","T","DNA (198-MER)","synthetic construct","",""
"6J4Y","V","Transcription elongation factor SPT4","Komagataella phaffii","C4R0E6","Transcription elongation factor SPT4"
"6J4Y","W","Protein that forms a complex with Spt4p","Komagataella phaffii","C4R370",""
"6J4Y","a","Histone H3.3","Homo sapiens","P84243","Histone H3.3"
"6J4Y","b","Histone H4","Homo sapiens","P62805","Histone H4"
"6J4Y","c","Histone H2A type 1-B/E","Homo sapiens","P04908","Histone H2A type 1-B/E"
"6J4Y","d","Histone H2B type 1-J","Homo sapiens","P06899","Histone H2B type 1-J"
"6J4Y","e","Histone H3.3","Homo sapiens","P84243","Histone H3.3"
"6J4Y","f","Histone H4","Homo sapiens","P62805","Histone H4"
"6J4Y","g","Histone H2A type 1-B/E","Homo sapiens","P04908","Histone H2A type 1-B/E"
"6J4Y","h","Histone H2B type 1-J","Homo sapiens","P06899","Histone H2B type 1-J"
"6J4Z","0","DNA (42-MER)","synthetic construct","",""
"6J4Z","1","DNA (42-MER)","synthetic construct","",""
"6J4Z","A","DNA-directed RNA polymerase subunit","Komagataella phaffii","C4R4Y0","DNA-directed RNA polymerase subunit"
"6J4Z","B","DNA-directed RNA polymerase subunit beta","Komagataella phaffii","C4QZQ7","DNA-directed RNA polymerase subunit beta"
"6J4Z","C","RNA polymerase II third largest subunit B44, part of central core","Komagataella phaffii","C4R7L2",""
"6J4Z","D","RNA polymerase II subunit B32","Komagataella phaffii","C4R2U9",""
"6J4Z","E","RNA polymerase subunit ABC27, common to RNA polymerases I, II, and III","Komagataella phaffii","C4R3P8",""
"6J4Z","F","RNA polymerase subunit ABC23, common to RNA polymerases I, II, and III","Komagataella phaffii","C4R1V1",""
"6J4Z","G","RNA polymerase II subunit","Komagataella phaffii","C4R9A1",""
"6J4Z","H","DNA-directed RNA polymerases I, II, and III subunit RPABC3","Komagataella phaffii","C4R273","DNA-directed RNA polymerases I, II, and III subunit RPABC3"
"6J4Z","I","DNA-directed RNA polymerase subunit","Komagataella phaffii","F2QPE6","DNA-directed RNA polymerase subunit"
"6J4Z","J","RNA polymerase subunit ABC10-beta, common to RNA polymerases I, II, and III","Komagataella phaffii","C4R009",""
"6J4Z","K","RNA polymerase II subunit B12.5","Komagataella phaffii","C4R3Z5",""
"6J4Z","L","RNA polymerase subunit ABC10-alpha","Komagataella phaffii","F2QMI1",""
"6J4Z","N","DNA (198-MER)","synthetic construct","",""
"6J4Z","P","RNA (5'-R(P*GP*CP*CP*UP*GP*GP*UP*GP*UP*CP*UP*UP*GP*GP*GP*U)-3')","synthetic construct","",""
"6J4Z","T","DNA (198-MER)","synthetic construct","",""
"6J4Z","V","Transcription elongation factor SPT4","Komagataella phaffii","C4R0E6","Transcription elongation factor SPT4"
"6J4Z","W","Spt5","Komagataella pastoris","C4R370",""
"6J4Z","a","Histone H3.3","Homo sapiens","P84243","Histone H3.3"
"6J4Z","b","Histone H4","Homo sapiens","P62805","Histone H4"
"6J4Z","c","Histone H2A type 1-B/E","Homo sapiens","P04908","Histone H2A type 1-B/E"
"6J4Z","d","Histone H2B type 1-J","Homo sapiens","P06899","Histone H2B type 1-J"
"6J4Z","e","Histone H3.3","Homo sapiens","P84243","Histone H3.3"
"6J4Z","f","Histone H4","Homo sapiens","P62805","Histone H4"
"6J4Z","g","Histone H2A type 1-B/E","Homo sapiens","P04908","Histone H2A type 1-B/E"
"6J4Z","h","Histone H2B type 1-J","Homo sapiens","P06899","Histone H2B type 1-J"
"6J50","0","DNA (41-MER)","synthetic construct","",""
"6J50","1","DNA (41-MER)","synthetic construct","",""
"6J50","A","DNA-directed RNA polymerase subunit","Komagataella phaffii","C4R4Y0","DNA-directed RNA polymerase subunit"
"6J50","B","DNA-directed RNA polymerase subunit beta","Komagataella phaffii","C4QZQ7","DNA-directed RNA polymerase subunit beta"
"6J50","C","RNA polymerase II third largest subunit B44, part of central core","Komagataella phaffii","C4R7L2",""
"6J50","D","RNA polymerase II subunit B32","Komagataella phaffii","C4R2U9",""
"6J50","E","RNA polymerase subunit ABC27, common to RNA polymerases I, II, and III","Komagataella phaffii","C4R3P8",""
"6J50","F","RNA polymerase subunit ABC23, common to RNA polymerases I, II, and III","Komagataella phaffii","C4R1V1",""
"6J50","G","RNA polymerase II subunit","Komagataella phaffii","C4R9A1",""
"6J50","H","DNA-directed RNA polymerases I, II, and III subunit RPABC3","Komagataella phaffii","C4R273","DNA-directed RNA polymerases I, II, and III subunit RPABC3"
"6J50","I","DNA-directed RNA polymerase subunit","Komagataella phaffii","F2QPE6","DNA-directed RNA polymerase subunit"
"6J50","J","RNA polymerase subunit ABC10-beta, common to RNA polymerases I, II, and III","Komagataella phaffii","C4R009",""
"6J50","K","RNA polymerase II subunit B12.5","Komagataella phaffii","C4R3Z5",""
"6J50","L","RNA polymerase subunit ABC10-alpha","Komagataella phaffii","F2QMI1",""
"6J50","N","DNA (198-MER)","synthetic construct","",""
"6J50","P","RNA (5'-R(P*GP*CP*CP*UP*GP*GP*UP*GP*UP*CP*UP*UP*GP*GP*GP*U)-3')","synthetic construct","",""
"6J50","T","DNA (198-MER)","synthetic construct","",""
"6J50","V","Transcription elongation factor SPT4","Komagataella phaffii","C4R0E6","Transcription elongation factor SPT4"
"6J50","W","Protein that forms a complex with Spt4p","Komagataella phaffii","C4R370",""
"6J50","a","Histone H3.3","Homo sapiens","P84243","Histone H3.3"
"6J50","b","Histone H4","Homo sapiens","P62805","Histone H4"
"6J50","c","Histone H2A type 1-B/E","Homo sapiens","P04908","Histone H2A type 1-B/E"
"6J50","d","Histone H2B type 1-J","Homo sapiens","P06899","Histone H2B type 1-J"
"6J50","e","Histone H3.3","Homo sapiens","P84243","Histone H3.3"
"6J50","f","Histone H4","Homo sapiens","P62805","Histone H4"
"6J50","g","Histone H2A type 1-B/E","Homo sapiens","P04908","Histone H2A type 1-B/E"
"6J50","h","Histone H2B type 1-J","Homo sapiens","P06899","Histone H2B type 1-J"
"6J51","0","DNA (36-MER)","synthetic construct","",""
"6J51","1","DNA (36-MER)","synthetic construct","",""
"6J51","A","DNA-directed RNA polymerase subunit","Komagataella phaffii","C4R4Y0","DNA-directed RNA polymerase subunit"
"6J51","B","DNA-directed RNA polymerase subunit beta","Komagataella phaffii","C4QZQ7","DNA-directed RNA polymerase subunit beta"
"6J51","C","RNA polymerase II third largest subunit B44, part of central core","Komagataella phaffii","C4R7L2",""
"6J51","D","RNA polymerase II subunit B32","Komagataella phaffii","C4R2U9",""
"6J51","E","RNA polymerase subunit ABC27, common to RNA polymerases I, II, and III","Komagataella phaffii","C4R3P8",""
"6J51","F","RNA polymerase subunit ABC23, common to RNA polymerases I, II, and III","Komagataella phaffii","C4R1V1",""
"6J51","G","RNA polymerase II subunit","Komagataella phaffii","C4R9A1",""
"6J51","H","DNA-directed RNA polymerases I, II, and III subunit RPABC3","Komagataella phaffii","C4R273","DNA-directed RNA polymerases I, II, and III subunit RPABC3"
"6J51","I","DNA-directed RNA polymerase subunit","Komagataella phaffii","F2QPE6","DNA-directed RNA polymerase subunit"
"6J51","J","RNA polymerase subunit ABC10-beta, common to RNA polymerases I, II, and III","Komagataella phaffii","C4R009",""
"6J51","K","RNA polymerase II subunit B12.5","Komagataella phaffii","C4R3Z5",""
"6J51","L","RNA polymerase subunit ABC10-alpha","Komagataella phaffii","F2QMI1",""
"6J51","M","Transcription elongation factor 1 homolog","Komagataella phaffii","C4QZ45",""
"6J51","N","DNA (198-MER)","synthetic construct","",""
"6J51","P","RNA (5'-R(P*CP*CP*UP*GP*GP*UP*GP*UP*CP*UP*UP*GP*GP*GP*UP*G)-3')","synthetic construct","",""
"6J51","T","DNA (198-MER)","synthetic construct","",""
"6J51","V","Transcription elongation factor SPT4","Komagataella phaffii","C4R0E6","Transcription elongation factor SPT4"
"6J51","W","Protein that forms a complex with Spt4p","Komagataella phaffii","C4R370",""
"6J51","a","Histone H3.3","Homo sapiens","P84243","Histone H3.3"
"6J51","b","Histone H4","Homo sapiens","P62805","Histone H4"
"6J51","c","Histone H2A type 1-B/E","Homo sapiens","P04908","Histone H2A type 1-B/E"
"6J51","d","Histone H2B type 1-J","Homo sapiens","P06899","Histone H2B type 1-J"
"6J51","e","Histone H3.3","Homo sapiens","P84243","Histone H3.3"
"6J51","f","Histone H4","Homo sapiens","P62805","Histone H4"
"6J51","g","Histone H2A type 1-B/E","Homo sapiens","P04908","Histone H2A type 1-B/E"
"6J51","h","Histone H2B type 1-J","Homo sapiens","P06899","Histone H2B type 1-J"
"6J99","A","Histone H3","Xenopus laevis","A0A310TTQ1",""
"6J99","B","Histone H4","Xenopus laevis","P62799","Histone H4"
"6J99","C","Histone H2A","Xenopus laevis","Q6AZJ8","Histone H2A"
"6J99","D","Histone H2B 1.1","Xenopus laevis","P02281","Histone H2B 1.1"
"6J99","E","Histone H3","Xenopus laevis","A0A310TTQ1",""
"6J99","F","Histone H4","Xenopus laevis","P62799","Histone H4"
"6J99","G","Histone H2A","Xenopus laevis","Q6AZJ8","Histone H2A"
"6J99","H","Histone H2B 1.1","Xenopus laevis","P02281","Histone H2B 1.1"
"6J99","I","DNA (144-MER)","synthetic construct","",""
"6J99","J","DNA (145-MER)","synthetic construct","",""
"6J99","K","Histone-lysine N-methyltransferase, H3 lysine-79 specific","Homo sapiens","Q8TEK3","Histone-lysine N-methyltransferase, H3 lysine-79 specific"
"6J99","L","Ubiquitin","Homo sapiens","P62979","Ubiquitin-40S ribosomal protein S27a"
"6NJ9","A","Histone H3.2","Xenopus laevis","P84233","Histone H3.2"
"6NJ9","B","Histone H4","Xenopus laevis","P62799","Histone H4"
"6NJ9","C","Histone H2A type 1","Xenopus laevis","P06897","Histone H2A type 1"
"6NJ9","D","Histone H2B 1.1","Xenopus laevis","P02281","Histone H2B 1.1"
"6NJ9","E","Histone H3.2","Xenopus laevis","P84233","Histone H3.2"
"6NJ9","F","Histone H4","Xenopus laevis","P62799","Histone H4"
"6NJ9","G","Histone H2A type 1","Xenopus laevis","P06897","Histone H2A type 1"
"6NJ9","H","Histone H2B 1.1","Xenopus laevis","P02281","Histone H2B 1.1"
"6NJ9","I","601 DNA Strand 1","synthetic construct","",""
"6NJ9","J","601 DNA strand 2","synthetic construct","",""
"6NJ9","K","Histone-lysine N-methyltransferase, H3 lysine-79 specific","Homo sapiens","Q8TEK3","Histone-lysine N-methyltransferase, H3 lysine-79 specific"
"6NJ9","L","Ubiquitin","Homo sapiens","J3QS39",""
"6NN6","A","Histone H3.2","Xenopus laevis","P84233","Histone H3.2"
"6NN6","B","Histone H4","Xenopus laevis","P62799","Histone H4"
"6NN6","C","Histone H2A type 1","Xenopus laevis","P06897","Histone H2A type 1"
"6NN6","D","Histone H2B 1.1","Xenopus laevis","P02281","Histone H2B 1.1"
"6NN6","E","Histone H3.2","Xenopus laevis","P84233","Histone H3.2"
"6NN6","F","Histone H4","Xenopus laevis","P62799","Histone H4"
"6NN6","G","Histone H2A type 1","Xenopus laevis","P06897","Histone H2A type 1"
"6NN6","H","Histone H2B 1.1","Xenopus laevis","P02281","Histone H2B 1.1"
"6NN6","I","DNA (145-MER)","synthetic construct","",""
"6NN6","J","DNA (145-MER)","synthetic construct","",""
"6NN6","K","Histone-lysine N-methyltransferase, H3 lysine-79 specific","Homo sapiens","Q8TEK3","Histone-lysine N-methyltransferase, H3 lysine-79 specific"
"6NN6","L","Ubiquitin","Homo sapiens","F5H388",""
"6NOG","A","Histone H3.2","Xenopus laevis","P84233","Histone H3.2"
"6NOG","B","Histone H4","Xenopus laevis","P62799","Histone H4"
"6NOG","C","Histone H2A type 1","Xenopus laevis","P06897","Histone H2A type 1"
"6NOG","D","Histone H2B 1.1","Xenopus laevis","P02281","Histone H2B 1.1"
"6NOG","E","Histone H3.2","Xenopus laevis","P84233","Histone H3.2"
"6NOG","F","Histone H4","Xenopus laevis","P62799","Histone H4"
"6NOG","G","Histone H2A type 1","Xenopus laevis","P06897","Histone H2A type 1"
"6NOG","H","Histone H2B 1.1","Xenopus laevis","P02281","Histone H2B 1.1"
"6NOG","I","601 DNA Strand 1","synthetic construct","",""
"6NOG","J","601 DNA Strand 2","synthetic construct","",""
"6NOG","K","Histone-lysine N-methyltransferase, H3 lysine-79 specific","Homo sapiens","Q8TEK3","Histone-lysine N-methyltransferase, H3 lysine-79 specific"
"6NOG","L","Ubiquitin","Homo sapiens","J3QS39",""
"6NQA","A","Histone H3.2","Xenopus laevis","P84233","Histone H3.2"
"6NQA","B","Histone H4","Xenopus laevis","P62799","Histone H4"
"6NQA","C","Histone H2A type 1","Xenopus laevis","P06897","Histone H2A type 1"
"6NQA","D","Histone H2B 1.1","Xenopus laevis","P02281","Histone H2B 1.1"
"6NQA","E","Histone H3.2","Xenopus laevis","P84233","Histone H3.2"
"6NQA","F","Histone H4","Xenopus laevis","P62799","Histone H4"
"6NQA","G","Histone H2A type 1","Xenopus laevis","P06897","Histone H2A type 1"
"6NQA","H","Histone H2B 1.1","Xenopus laevis","P02281","Histone H2B 1.1"
"6NQA","I","601 DNA Strand 1","synthetic construct","",""
"6NQA","J","601 DNA Strand 2","synthetic construct","",""
"6NQA","K","Histone-lysine N-methyltransferase, H3 lysine-79 specific","Homo sapiens","Q8TEK3","Histone-lysine N-methyltransferase, H3 lysine-79 specific"
"6NQA","L","Ubiquitin","Homo sapiens","P0CG48","Polyubiquitin-C"
