"organism";"uniprot ac";"uniprot position";"pdb id";"pdb model";"pdb chain";"pdb position";"pdb modres comment";"dbptm annotation";"ptm";"scop class";"residue type";"-10/+10 pb assignment";"-10/+10 dssp assignment";"pdb chain length";"pdb chain length without missing"
"DROME (Fruit fly)";"P02299";"10";"1KNA";"-";"P";"9";"N-DIMETHYL-LYSINE                        ";"N6,N6-dimethyllysine; alternate.<br/>N6-methyllysine; alternate.";"Methylation";"None";"K";"      ZZcdZZ         ";"      CEECCC         ";"16";"6"
"DROME (Fruit fly)";"P02299";"10";"1KNE";"-";"P";"9";"N-TRIMETHYLLYSINE                        ";"N6,N6-dimethyllysine; alternate.<br/>N6-methyllysine; alternate.";"Methylation";"None";"K";"      ZZddZZ         ";"      CEECCC         ";"16";"6"
"YEAST (Baker's yeast)";"P02309";"17";"1Q1A";"-";"B";"353";"N(6)-ACETYLLYSINE                        ";"N6-acetyllysine.";"Acetylation";"None";"K";"      ZZjdddddZZ     ";"      CCSBCEECCC     ";"10";"10"
"YEAST (Baker's yeast)";"P02309";"17";"1SZC";"-";"B";"16";"N(6)-ACETYLLYSINE                        ";"N6-acetyllysine.";"Acetylation";"None";"K";"      ZZaadfZZ       ";"      CCCBSBCC       ";"10";"8"
"YEAST (Baker's yeast)";"P02309";"17";"1SZD";"-";"B";"16";"N(6)-ACETYLLYSINE                        ";"N6-acetyllysine.";"Acetylation";"None";"K";"      ZZaadeZZ       ";"      CCCBSEEC       ";"10";"8"
"YEAST (Baker's yeast)";"P02309";"6";"2E3K";"-";"R";"5";"N(6)-ACETYLLYSINE                        ";"N6-acetyllysine.";"Acetylation";"None";"K";"        ZZlpafklghiZZ";"        CCSCCCCCSSSCC";"15";"13"
"YEAST (Baker's yeast)";"P02309";"17";"2QQF";"-";"B";"16";"N(6)-ACETYLLYSINE                        ";"N6-acetyllysine.";"Acetylation";"None";"K";"      ZZaadeZZ       ";"      CCCSSBCC       ";"11";"8"
"YEAST (Baker's yeast)";"P02309";"17";"2QQG";"-";"B";"16";"N(6)-ACETYLLYSINE                        ";"N6-acetyllysine.";"Acetylation";"None";"K";"      ZZaadZZ        ";"      CCCBSBC        ";"11";"7"
"YEAST (Baker's yeast)";"P04911";"129";"3T7K";"-";"D";"129";"PHOSPHOSERINE                            ";"Phosphoserine.<br/>Phosphoserine";"Phosphorylation";"None";"S";"         ZZdZZ       ";"         CCCBC       ";"8";"5"
"HUMAN (Human)";"P07711";"221";"3K24";"-";"A";"108";"GLYCOSYLATION SITE                       ";"N-linked (GlcNAc...).<br/>N-linked (Glc...)";"N-linked Glycosylation";"None";"N";"fbdfklgcbdcebdcdddddf";"CCCCGGGEEECCCCEEECCSC";"220";"220"
"HUMAN (Human)";"P07711";"221";"3K24";"-";"B";"108";"GLYCOSYLATION SITE                       ";"N-linked (GlcNAc...).<br/>N-linked (Glc...)";"N-linked Glycosylation";"None";"N";"fbdfklgcbdcebdcdddfbf";"CCCCGGGEEECCCEEEECCSS";"220";"220"
"CAEEL (Caenorhabditis elegans)";"P08898";"5";"3N9L";"-";"B";"4";"N-TRIMETHYLLYSINE                        ";"N6,N6,N6-trimethyllysine; alternate.<br/>N6,N6-dimethyllysine; alternate.<br/>N6-acetyllysine; alternate.<br/>N6-methyllysine; alternate.";"Methylation";"None";"K";"       ZZddZZ        ";"       CCEEEC        ";"15";"6"
"CAEEL (Caenorhabditis elegans)";"P08898";"5";"3N9N";"-";"B";"4";"N-TRIMETHYLLYSINE                        ";"N6,N6,N6-trimethyllysine; alternate.<br/>N6,N6-dimethyllysine; alternate.<br/>N6-acetyllysine; alternate.<br/>N6-methyllysine; alternate.";"Methylation";"None";"K";"       ZZddZZ        ";"       CCEEEC        ";"32";"6"
"CAEEL (Caenorhabditis elegans)";"P08898";"5";"3N9O";"-";"B";"4";"N-TRIMETHYLLYSINE                        ";"N6,N6,N6-trimethyllysine; alternate.<br/>N6,N6-dimethyllysine; alternate.<br/>N6-acetyllysine; alternate.<br/>N6-methyllysine; alternate.";"Methylation";"None";"K";"       ZZddZZ        ";"       CCEEEC        ";"15";"6"
"CAEEL (Caenorhabditis elegans)";"P08898";"5";"3N9P";"-";"B";"4";"N-TRIMETHYLLYSINE                        ";"N6,N6,N6-trimethyllysine; alternate.<br/>N6,N6-dimethyllysine; alternate.<br/>N6-acetyllysine; alternate.<br/>N6-methyllysine; alternate.";"Methylation";"None";"K";"       ZZddZZ        ";"       CCEEEC        ";"32";"6"
"CAEEL (Caenorhabditis elegans)";"P08898";"28";"3N9P";"-";"C";"27";"N-DIMETHYL-LYSINE                        ";"N6,N6,N6-trimethyllysine; alternate.<br/>N6,N6-dimethyllysine; alternate.<br/>N6-methyllysine; alternate.";"Methylation";"None";"K";"      ZZccdddfZZ     ";"      CCCSCCCCCC     ";"32";"10"
"CAEEL (Caenorhabditis elegans)";"P08898";"5";"3N9Q";"-";"B";"4";"N-TRIMETHYLLYSINE                        ";"N6,N6,N6-trimethyllysine; alternate.<br/>N6,N6-dimethyllysine; alternate.<br/>N6-acetyllysine; alternate.<br/>N6-methyllysine; alternate.";"Methylation";"None";"K";"       ZZddZZ        ";"       CCEEEC        ";"15";"6"
"CAEEL (Caenorhabditis elegans)";"P08898";"28";"3N9Q";"-";"C";"27";"N-DIMETHYL-LYSINE                        ";"N6,N6,N6-trimethyllysine; alternate.<br/>N6,N6-dimethyllysine; alternate.<br/>N6-methyllysine; alternate.";"Methylation";"None";"K";"      ZZddddZZ       ";"      CBSSCCCC       ";"17";"8"
"SCHPO (Fission yeast)";"P09988";"10";"3G7L";"-";"P";"9";"N-TRIMETHYLLYSINE                        ";"N6-methyllysine; alternate.";"Methylation";"None";"K";"     ZZdddZZ         ";"     CCEEECC         ";"16";"7"
"HUMAN (Human)";"P0C0S8";"6";"4QYL";"-";"H";"5";"N(6)-ACETYLLYSINE                        ";"N6-acetyllysine.<br/>N6-acetyllysine";"Acetylation";"None";"K";"      ZZbpehiaZZ     ";"      CCSCCTTCCC     ";"12";"10"
"HUMAN (Human)";"P10412";"26";"3TZD";"-";"T";"26";"N-DIMETHYL-LYSINE                        ";"N6-acetyllysine; alternate.<br/>N6-methyllysine; alternate.<br/>N6,N6,N6-trimethyllysine<br/>N6,N6-dimethyllysine<br/>N6-methyllysine<br/>N6-methyllysine";"Methylation";"None";"K";"  ZZbhiaddfkZZ       ";"  CCSSSEEECTTC       ";"19";"12"
"HUMAN (Human)";"P16104";"140";"2AZM";"-";"D";"139";"PHOSPHOSERINE                            ";"Phosphoserine; by ATM, ATR and PRKDC.<br/>Phosphoserine (ATM)<br/>Phosphoserine<br/>DePhosphoserine<br/>Phosphoserine";"Phosphorylation";"None";"S";"         ZZdZZ       ";"         CCCCC       ";"10";"5"
"HUMAN (Human)";"P16104";"140";"3SHV";"-";"D";"139";"PHOSPHOSERINE                            ";"Phosphoserine; by ATM, ATR and PRKDC.<br/>Phosphoserine (ATM)<br/>Phosphoserine<br/>DePhosphoserine<br/>Phosphoserine";"Phosphorylation";"None";"S";"        ZZddZZ       ";"        CCCCBC       ";"10";"6"
"HUMAN (Human)";"P16104";"140";"3SQD";"-";"D";"139";"PHOSPHOSERINE                            ";"Phosphoserine; by ATM, ATR and PRKDC.<br/>Phosphoserine (ATM)<br/>Phosphoserine<br/>DePhosphoserine<br/>Phosphoserine";"Phosphorylation";"None";"S";"          ZZZZ       ";"          CCCC       ";"10";"4"
"HUMAN (Human)";"P16104";"140";"3SZM";"-";"P";"139";"PHOSPHOSERINE                            ";"Phosphoserine; by ATM, ATR and PRKDC.<br/>Phosphoserine (ATM)<br/>Phosphoserine<br/>DePhosphoserine<br/>Phosphoserine";"Phosphorylation";"None";"S";"         ZZdZZ       ";"         CCCBC       ";"10";"5"
"HUMAN (Human)";"P16104";"140";"3U3Z";"-";"B";"1";"PHOSPHOSERINE                            ";"Phosphoserine; by ATM, ATR and PRKDC.<br/>Phosphoserine (ATM)<br/>Phosphoserine<br/>DePhosphoserine<br/>Phosphoserine";"Phosphorylation";"None";"S";"          ZZZZ       ";"          CCBC       ";"4";"4"
"HUMAN (Human)";"P16104";"143";"3U3Z";"-";"B";"4";"O-PHOSPHOTYROSINE                        ";"Phosphotyrosine; by WSTF.<br/>Phosphotyrosine";"Phosphorylation";"None";"Y";"       ZZZZ          ";"       CCBC          ";"4";"4"
"ARATH (Mouse-ear cress)";"P59226";"10";"4FT2";"-";"P";"9";"N-DIMETHYL-LYSINE                        ";"N6,N6,N6-trimethyllysine; alternate.<br/>N6,N6-dimethyllysine; alternate.<br/>N6-acetyllysine; alternate.<br/>N6-methyllysine; alternate.";"Methylation";"None";"K";"      ZZcddZZ        ";"      CCBCCCC        ";"15";"7"
"ARATH (Mouse-ear cress)";"P59226";"10";"4FT4";"-";"Q";"9";"N-DIMETHYL-LYSINE                        ";"N6,N6,N6-trimethyllysine; alternate.<br/>N6,N6-dimethyllysine; alternate.<br/>N6-acetyllysine; alternate.<br/>N6-methyllysine; alternate.";"Methylation";"None";"K";"       ZZpZZ         ";"       CCCCC         ";"32";"5"
"ARATH (Mouse-ear cress)";"P59226";"10";"4IUR";"-";"C";"9";"N-TRIMETHYLLYSINE                        ";"N6,N6,N6-trimethyllysine; alternate.<br/>N6,N6-dimethyllysine; alternate.<br/>N6-acetyllysine; alternate.<br/>N6-methyllysine; alternate.";"Methylation";"None";"K";"    ZZddddZZ         ";"    CCCCCBCC         ";"15";"8"
"YEAST (Baker's yeast)";"P61830";"11";"1PUA";"-";"B";"310";"PHOSPHOSERINE                            ";"Phosphoserine.<br/>Phosphoserine";"Phosphorylation";"None";"S";"     ZZlnonopcddfbfcg";"     CCCSSCCCCCCCCCSS";"19";"19"
"YEAST (Baker's yeast)";"P61830";"5";"2CNX";"-";"P";"4";"N-DIMETHYL-LYSINE                        ";"N6,N6,N6-trimethyllysine; alternate.<br/>N6,N6-dimethyllysine; alternate.<br/>N6-methyllysine; alternate.";"Methylation";"None";"K";"       ZZpZZ         ";"       CTTCC         ";"5";"5"
"YEAST (Baker's yeast)";"P61830";"5";"3MP1";"-";"P";"4";"N-TRIMETHYLLYSINE                        ";"N6,N6,N6-trimethyllysine; alternate.<br/>N6,N6-dimethyllysine; alternate.<br/>N6-methyllysine; alternate.";"Methylation";"None";"K";"       ZZeZZ         ";"       CCCCC         ";"5";"5"
"YEAST (Baker's yeast)";"P61830";"5";"3MP6";"-";"P";"4";"N-DIMETHYL-LYSINE                        ";"N6,N6,N6-trimethyllysine; alternate.<br/>N6,N6-dimethyllysine; alternate.<br/>N6-methyllysine; alternate.";"Methylation";"None";"K";"       ZZZZ          ";"       CCCC          ";"4";"4"
"HUMAN (Human)";"P62805";"21";"2IG0";"-";"B";"20";"N-DIMETHYL-LYSINE                        ";"N6,N6,N6-trimethyllysine; alternate.<br/>N6,N6-dimethyllysine; alternate.<br/>N6-methyllysine; alternate.<br/>N6,N6,N6-trimethyllysine<br/>N6,N6-dimethyllysine<br/>N6-acetyllysine<br/>N6-methyllysine<br/>N6-methylated lysine<br/>N6-methyllysine";"Methylation";"None";"K";"         ZZ          ";"         C           ";"10";"2"
"HUMAN (Human)";"P62805";"21";"2QQS";"-";"D";"20";"N-TRIMETHYLLYSINE                        ";"N6,N6,N6-trimethyllysine; alternate.<br/>N6,N6-dimethyllysine; alternate.<br/>N6-methyllysine; alternate.<br/>N6,N6,N6-trimethyllysine<br/>N6,N6-dimethyllysine<br/>N6-acetyllysine<br/>N6-methyllysine<br/>N6-methylated lysine<br/>N6-methyllysine";"Methylation";"None";"K";"       ZZbjaZZ       ";"       CBCCCCC       ";"10";"7"
"HUMAN (Human)";"P62805";"21";"2RJE";"-";"Q";"20";"N-DIMETHYL-LYSINE                        ";"N6,N6,N6-trimethyllysine; alternate.<br/>N6,N6-dimethyllysine; alternate.<br/>N6-methyllysine; alternate.<br/>N6,N6,N6-trimethyllysine<br/>N6,N6-dimethyllysine<br/>N6-acetyllysine<br/>N6-methyllysine<br/>N6-methylated lysine<br/>N6-methyllysine";"Methylation";"None";"K";"        ZZdddfZZ     ";"        CCCEEECC     ";"11";"8"
"HUMAN (Human)";"P62805";"21";"3F9X";"-";"H";"20";"N-DIMETHYL-LYSINE                        ";"N6,N6,N6-trimethyllysine; alternate.<br/>N6,N6-dimethyllysine; alternate.<br/>N6-methyllysine; alternate.<br/>N6,N6,N6-trimethyllysine<br/>N6,N6-dimethyllysine<br/>N6-acetyllysine<br/>N6-methyllysine<br/>N6-methylated lysine<br/>N6-methyllysine";"Methylation";"None";"K";"      ZZddddZZ       ";"      CCCCEECC       ";"10";"8"
"HUMAN (Human)";"P62805";"21";"3F9Y";"-";"F";"20";"N-METHYL-LYSINE                          ";"N6,N6,N6-trimethyllysine; alternate.<br/>N6,N6-dimethyllysine; alternate.<br/>N6-methyllysine; alternate.<br/>N6,N6,N6-trimethyllysine<br/>N6,N6-dimethyllysine<br/>N6-acetyllysine<br/>N6-methyllysine<br/>N6-methylated lysine<br/>N6-methyllysine";"Methylation";"None";"K";"      ZZddddZZ       ";"      CCCCEECC       ";"10";"8"
"HUMAN (Human)";"P62805";"21";"3IJ1";"-";"B";"20";"N-TRIMETHYLLYSINE                        ";"N6,N6,N6-trimethyllysine; alternate.<br/>N6,N6-dimethyllysine; alternate.<br/>N6-methyllysine; alternate.<br/>N6,N6,N6-trimethyllysine<br/>N6,N6-dimethyllysine<br/>N6-acetyllysine<br/>N6-methyllysine<br/>N6-methylated lysine<br/>N6-methyllysine";"Methylation";"None";"K";"       ZZfbdZZ       ";"       CCCSSCC       ";"11";"7"
"HUMAN (Human)";"P62805";"21";"3JPX";"-";"B";"20";"N-TRIMETHYLLYSINE                        ";"N6,N6,N6-trimethyllysine; alternate.<br/>N6,N6-dimethyllysine; alternate.<br/>N6-methyllysine; alternate.<br/>N6,N6,N6-trimethyllysine<br/>N6,N6-dimethyllysine<br/>N6-acetyllysine<br/>N6-methyllysine<br/>N6-methylated lysine<br/>N6-methyllysine";"Methylation";"None";"K";"        ZZbdZZ       ";"        CCSSCC       ";"15";"6"
"HUMAN (Human)";"P62805";"17";"3O36";"-";"E";"16";"N(6)-ACETYLLYSINE                        ";"N6-acetyllysine.<br/>N6-acetyllysine<br/>N6-acetyllysine<br/>N6-acetyllysine";"Acetylation";"None";"K";"        ZZZ          ";"        CCC          ";"6";"3"
"HUMAN (Human)";"P62805";"21";"3QBY";"-";"H";"20";"N-TRIMETHYLLYSINE                        ";"N6,N6,N6-trimethyllysine; alternate.<br/>N6,N6-dimethyllysine; alternate.<br/>N6-methyllysine; alternate.<br/>N6,N6,N6-trimethyllysine<br/>N6,N6-dimethyllysine<br/>N6-acetyllysine<br/>N6-methyllysine<br/>N6-methylated lysine<br/>N6-methyllysine";"Methylation";"None";"K";"        ZZZ          ";"        CBC          ";"11";"3"
"HUMAN (Human)";"P62805";"17";"3QZS";"-";"D";"16";"N(6)-ACETYLLYSINE                        ";"N6-acetyllysine.<br/>N6-acetyllysine<br/>N6-acetyllysine<br/>N6-acetyllysine";"Acetylation";"None";"K";"        ZZcddfZZ     ";"        CCCCCCCC     ";"10";"8"
"HUMAN (Human)";"P62805";"17";"3QZT";"-";"B";"16";"N(6)-ACETYLLYSINE                        ";"N6-acetyllysine.<br/>N6-acetyllysine<br/>N6-acetyllysine<br/>N6-acetyllysine";"Acetylation";"None";"K";"        ZZddZZ       ";"        CCCCCC       ";"10";"6"
"HUMAN (Human)";"P62805";"13";"3QZV";"-";"C";"12";"N(6)-ACETYLLYSINE                        ";"N6-acetyllysine.<br/>Glycyl lysine isopeptide (Lys-Gly) (interchain with G-Cter in SUMO)<br/>N6-acetyllysine<br/>N6-acetyllysine<br/>N6-acetyllysine";"Acetylation";"None";"K";"     ZZfbZZ          ";"     CCSSCC          ";"11";"6"
"HUMAN (Human)";"P62805";"6";"3UVW";"-";"B";"5";"N(6)-ACETYLLYSINE                        ";"N6-acetyllysine.<br/>N6-acetyllysine<br/>N6-acetyllysine<br/>N6-acetyllysine";"Acetylation";"None";"K";"      ZZbnojehlaZ    ";"      CCSCCCCCSCC    ";"12";"12"
"HUMAN (Human)";"P62805";"9";"3UVW";"-";"B";"8";"N(6)-ACETYLLYSINE                        ";"N6-acetyllysine.<br/>N6-acetyllysine<br/>N6-acetyllysine<br/>N6-acetyllysine";"Acetylation";"None";"K";"   ZZbnojehlaZ       ";"   CCSCCCCCSCC       ";"12";"12"
"HUMAN (Human)";"P62805";"13";"3UVX";"-";"B";"12";"N(6)-ACETYLLYSINE                        ";"N6-acetyllysine.<br/>Glycyl lysine isopeptide (Lys-Gly) (interchain with G-Cter in SUMO)<br/>N6-acetyllysine<br/>N6-acetyllysine<br/>N6-acetyllysine";"Acetylation";"None";"K";"         ZZbcfZZ     ";"         CCCSCCC     ";"11";"7"
"HUMAN (Human)";"P62805";"17";"3UVX";"-";"B";"16";"N(6)-ACETYLLYSINE                        ";"N6-acetyllysine.<br/>N6-acetyllysine<br/>N6-acetyllysine<br/>N6-acetyllysine";"Acetylation";"None";"K";"     ZZbcfZZ         ";"     CCCSCCC         ";"11";"7"
"HUMAN (Human)";"P62805";"17";"3UVY";"-";"B";"16";"N(6)-ACETYLLYSINE                        ";"N6-acetyllysine.<br/>N6-acetyllysine<br/>N6-acetyllysine<br/>N6-acetyllysine";"Acetylation";"None";"K";"         ZZccfbdcZZ  ";"         CCCCCCSCCC  ";"11";"10"
"HUMAN (Human)";"P62805";"21";"3UVY";"-";"B";"20";"N(6)-ACETYLLYSINE                        ";"N6,N6,N6-trimethyllysine; alternate.<br/>N6,N6-dimethyllysine; alternate.<br/>N6-methyllysine; alternate.<br/>N6,N6,N6-trimethyllysine<br/>N6,N6-dimethyllysine<br/>N6-acetyllysine<br/>N6-methyllysine<br/>N6-methylated lysine<br/>N6-methyllysine";"Acetylation";"None";"K";"     ZZccfbdcZZ      ";"     CCCCCCSCCC      ";"11";"10"
"HUMAN (Human)";"P62805";"21";"4N3W";"-";"C";"20";"N(6)-ACETYLLYSINE                        ";"N6,N6,N6-trimethyllysine; alternate.<br/>N6,N6-dimethyllysine; alternate.<br/>N6-methyllysine; alternate.<br/>N6,N6,N6-trimethyllysine<br/>N6,N6-dimethyllysine<br/>N6-acetyllysine<br/>N6-methyllysine<br/>N6-methylated lysine<br/>N6-methyllysine";"Acetylation";"None";"K";"       ZZdZZ         ";"       CCCCC         ";"15";"5"
"HUMAN (Human)";"P62805";"13";"4N4F";"-";"C";"12";"N(6)-ACETYLLYSINE                        ";"N6-acetyllysine.<br/>Glycyl lysine isopeptide (Lys-Gly) (interchain with G-Cter in SUMO)<br/>N6-acetyllysine<br/>N6-acetyllysine<br/>N6-acetyllysine";"Acetylation";"None";"K";"     ZZcdZZ          ";"     CCCCCC          ";"21";"6"
"HUMAN (Human)";"P62805";"13";"4QUT";"-";"B";"12";"N(6)-ACETYLLYSINE                        ";"N6-acetyllysine.<br/>Glycyl lysine isopeptide (Lys-Gly) (interchain with G-Cter in SUMO)<br/>N6-acetyllysine<br/>N6-acetyllysine<br/>N6-acetyllysine";"Acetylation";"None";"K";"       ZZjZZ         ";"       CCCCC         ";"8";"5"
"HUMAN (Human)";"P62805";"6";"4QUU";"-";"B";"5";"N(6)-ACETYLLYSINE                        ";"N6-acetyllysine.<br/>N6-acetyllysine<br/>N6-acetyllysine<br/>N6-acetyllysine";"Acetylation";"None";"K";"        ZZeZZ        ";"        CCCCC        ";"14";"5"
"HUMAN (Human)";"P62805";"13";"4QYD";"-";"B";"12";"N(6)-ACETYLLYSINE                        ";"N6-acetyllysine.<br/>Glycyl lysine isopeptide (Lys-Gly) (interchain with G-Cter in SUMO)<br/>N6-acetyllysine<br/>N6-acetyllysine<br/>N6-acetyllysine";"Acetylation";"None";"K";"    ZZdfbjZZ         ";"    CCCCSCCC         ";"14";"8"
"MOUSE (Mouse)";"P62806";"21";"4AU7";"-";"C";"20";"N-DIMETHYL-LYSINE                        ";"N6,N6,N6-trimethyllysine; alternate.<br/>N6,N6,N6-trimethyllysine<br/>N6,N6-dimethyllysine<br/>N6-acetyllysine<br/>N6-methyllysine";"Methylation";"None";"K";"       ZZacdeeZ      ";"       CCCEEECC      ";"9";"9"
"MOUSE (Mouse)";"P62806";"21";"4DOW";"-";"D";"20";"N-DIMETHYL-LYSINE                        ";"N6,N6,N6-trimethyllysine; alternate.<br/>N6,N6,N6-trimethyllysine<br/>N6,N6-dimethyllysine<br/>N6-acetyllysine<br/>N6-methyllysine";"Methylation";"None";"K";"    ZZcddddeZZ       ";"    CCCCCCCCBC       ";"12";"10"
"HUMAN (Human)";"P68431";"5";"1O9S";"-";"L";"4";"N-METHYL-LYSINE                          ";"N6,N6,N6-trimethyllysine; alternate.<br/>N6,N6-dimethyllysine; alternate.<br/>N6-acetyllysine; alternate.<br/>N6-methyllysine; alternate.<br/>Allysine; alternate.<br/>N6,N6,N6-trimethyllysine<br/>N6,N6-dimethyllysine<br/>N6-acetyllysine<br/>N6-methyllysine<br/>N6-methylated lysine<br/>N6-methyllysine";"Methylation";"None";"K";"       ZZdcZZ        ";"       CCSBCC        ";"10";"6"
"HUMAN (Human)";"P68431";"10";"1Q3L";"-";"P";"9";"N-METHYL-LYSINE                          ";"N6,N6,N6-trimethyllysine; alternate.<br/>N6,N6-dimethyllysine; alternate.<br/>N6-acetyllysine; alternate.<br/>N6-methyllysine; alternate.<br/>N6,N6,N6-trimethyllysine<br/>N6,N6-dimethyllysine<br/>N6-acetyllysine<br/>N6-methyllysine<br/>N6-methylated lysine<br/>N6-methyllysine";"Methylation";"None";"K";"      ZZddZZ         ";"      CEECCC         ";"16";"6"
"HUMAN (Human)";"P68431";"4";"2B2T";"-";"D";"3";"PHOSPHOTHREONINE                         ";"Phosphothreonine; by GSG2.<br/>Phosphothreonine (VRK1)<br/>Phosphothreonine";"Phosphorylation";"None";"T";"        ZZeZZ        ";"        CCCCC        ";"20";"5"
"HUMAN (Human)";"P68431";"5";"2B2T";"-";"D";"4";"N-TRIMETHYLLYSINE                        ";"N6,N6,N6-trimethyllysine; alternate.<br/>N6,N6-dimethyllysine; alternate.<br/>N6-acetyllysine; alternate.<br/>N6-methyllysine; alternate.<br/>Allysine; alternate.<br/>N6,N6,N6-trimethyllysine<br/>N6,N6-dimethyllysine<br/>N6-acetyllysine<br/>N6-methyllysine<br/>N6-methylated lysine<br/>N6-methyllysine";"Methylation";"None";"K";"       ZZeZZ         ";"       CCCCC         ";"20";"5"
"HUMAN (Human)";"P68431";"5";"2B2U";"-";"D";"4";"N-TRIMETHYLLYSINE                        ";"N6,N6,N6-trimethyllysine; alternate.<br/>N6,N6-dimethyllysine; alternate.<br/>N6-acetyllysine; alternate.<br/>N6-methyllysine; alternate.<br/>Allysine; alternate.<br/>N6,N6,N6-trimethyllysine<br/>N6,N6-dimethyllysine<br/>N6-acetyllysine<br/>N6-methyllysine<br/>N6-methylated lysine<br/>N6-methyllysine";"Methylation";"None";"K";"       ZZdZZ         ";"       CCCCC         ";"16";"5"
"HUMAN (Human)";"P68431";"5";"2B2V";"-";"D";"4";"N-METHYL-LYSINE                          ";"N6,N6,N6-trimethyllysine; alternate.<br/>N6,N6-dimethyllysine; alternate.<br/>N6-acetyllysine; alternate.<br/>N6-methyllysine; alternate.<br/>Allysine; alternate.<br/>N6,N6,N6-trimethyllysine<br/>N6,N6-dimethyllysine<br/>N6-acetyllysine<br/>N6-methyllysine<br/>N6-methylated lysine<br/>N6-methyllysine";"Methylation";"None";"K";"       ZZfkZZ        ";"       CCCCCC        ";"16";"6"
"HUMAN (Human)";"P68431";"5";"2B2W";"-";"D";"4";"N-TRIMETHYLLYSINE                        ";"N6,N6,N6-trimethyllysine; alternate.<br/>N6,N6-dimethyllysine; alternate.<br/>N6-acetyllysine; alternate.<br/>N6-methyllysine; alternate.<br/>Allysine; alternate.<br/>N6,N6,N6-trimethyllysine<br/>N6,N6-dimethyllysine<br/>N6-acetyllysine<br/>N6-methyllysine<br/>N6-methylated lysine<br/>N6-methyllysine";"Methylation";"None";"K";"       ZZdZZ         ";"       CCCCC         ";"20";"5"
"HUMAN (Human)";"P68431";"10";"2C1J";"-";"D";"9";"N(6)-ACETYLLYSINE                        ";"N6,N6,N6-trimethyllysine; alternate.<br/>N6,N6-dimethyllysine; alternate.<br/>N6-acetyllysine; alternate.<br/>N6-methyllysine; alternate.<br/>N6,N6,N6-trimethyllysine<br/>N6,N6-dimethyllysine<br/>N6-acetyllysine<br/>N6-methyllysine<br/>N6-methylated lysine<br/>N6-methyllysine";"Acetylation";"None";"K";"        ZZdfklZZ     ";"        CCCCTTCC     ";"8";"8"
"HUMAN (Human)";"P68431";"11";"2C1J";"-";"D";"10";"PHOSPHOSERINE                            ";"Phosphoserine; by AURKB, AURKC, RPS6KA3,RPS6KA4 and RPS6KA5.<br/>Phosphoserine (Aurora A;Aurora B;Aurora B;VRK1)<br/>Phosphoserine";"Phosphorylation";"None";"S";"       ZZdfklZZ      ";"       CCCCTTCC      ";"8";"8"
"HUMAN (Human)";"P68431";"11";"2C1N";"-";"E";"10";"PHOSPHOSERINE                            ";"Phosphoserine; by AURKB, AURKC, RPS6KA3,RPS6KA4 and RPS6KA5.<br/>Phosphoserine (Aurora A;Aurora B;Aurora B;VRK1)<br/>Phosphoserine";"Phosphorylation";"None";"S";"       ZZdfkgZZ      ";"       CCCCTTCC      ";"8";"8"
"HUMAN (Human)";"P68431";"10";"2OQ6";"-";"D";"9";"N-TRIMETHYLLYSINE                        ";"N6,N6,N6-trimethyllysine; alternate.<br/>N6,N6-dimethyllysine; alternate.<br/>N6-acetyllysine; alternate.<br/>N6-methyllysine; alternate.<br/>N6,N6,N6-trimethyllysine<br/>N6,N6-dimethyllysine<br/>N6-acetyllysine<br/>N6-methyllysine<br/>N6-methylated lysine<br/>N6-methyllysine";"Methylation";"None";"K";"        ZZdebdZZ     ";"        CBCCSCCC     ";"8";"8"
"HUMAN (Human)";"P68431";"15";"2OQ6";"-";"D";"14";"N(6)-ACETYLLYSINE                        ";"N6-acetyllysine.<br/>Glycyl lysine isopeptide (Lys-Gly) (interchain with G-Cter in ubiquitin)<br/>N6,N6-dimethyllysine<br/>N6-acetyllysine<br/>N6-methyllysine";"Acetylation";"None";"K";"   ZZdebdZZ          ";"   CBCCSCCC          ";"8";"8"
"HUMAN (Human)";"P68431";"10";"2OT7";"-";"D";"9";"N-METHYL-LYSINE                          ";"N6,N6,N6-trimethyllysine; alternate.<br/>N6,N6-dimethyllysine; alternate.<br/>N6-acetyllysine; alternate.<br/>N6-methyllysine; alternate.<br/>N6,N6,N6-trimethyllysine<br/>N6,N6-dimethyllysine<br/>N6-acetyllysine<br/>N6-methyllysine<br/>N6-methylated lysine<br/>N6-methyllysine";"Methylation";"None";"K";"        ZZcfbdZZ     ";"        CBCCSCCC     ";"8";"8"
"HUMAN (Human)";"P68431";"15";"2OT7";"-";"D";"14";"N(6)-ACETYLLYSINE                        ";"N6-acetyllysine.<br/>Glycyl lysine isopeptide (Lys-Gly) (interchain with G-Cter in ubiquitin)<br/>N6,N6-dimethyllysine<br/>N6-acetyllysine<br/>N6-methyllysine";"Acetylation";"None";"K";"   ZZcfbdZZ          ";"   CBCCSCCC          ";"8";"8"
"HUMAN (Human)";"P68431";"10";"2OX0";"-";"D";"9";"N-DIMETHYL-LYSINE                        ";"N6,N6,N6-trimethyllysine; alternate.<br/>N6,N6-dimethyllysine; alternate.<br/>N6-acetyllysine; alternate.<br/>N6-methyllysine; alternate.<br/>N6,N6,N6-trimethyllysine<br/>N6,N6-dimethyllysine<br/>N6-acetyllysine<br/>N6-methyllysine<br/>N6-methylated lysine<br/>N6-methyllysine";"Methylation";"None";"K";"        ZZdfbdZZ     ";"        CBCCSCCC     ";"8";"8"
"HUMAN (Human)";"P68431";"15";"2OX0";"-";"D";"14";"N(6)-ACETYLLYSINE                        ";"N6-acetyllysine.<br/>Glycyl lysine isopeptide (Lys-Gly) (interchain with G-Cter in ubiquitin)<br/>N6,N6-dimethyllysine<br/>N6-acetyllysine<br/>N6-methyllysine";"Acetylation";"None";"K";"   ZZdfbdZZ          ";"   CBCCSCCC          ";"8";"8"
"HUMAN (Human)";"P68431";"5";"2RI7";"-";"P";"4";"N-DIMETHYL-LYSINE                        ";"N6,N6,N6-trimethyllysine; alternate.<br/>N6,N6-dimethyllysine; alternate.<br/>N6-acetyllysine; alternate.<br/>N6-methyllysine; alternate.<br/>Allysine; alternate.<br/>N6,N6,N6-trimethyllysine<br/>N6,N6-dimethyllysine<br/>N6-acetyllysine<br/>N6-methyllysine<br/>N6-methylated lysine<br/>N6-methyllysine";"Methylation";"None";"K";"       ZZddZZ        ";"       CCEECC        ";"9";"6"
"HUMAN (Human)";"P68431";"28";"3AVR";"-";"B";"27";"N-TRIMETHYLLYSINE                        ";"N6,N6,N6-trimethyllysine; alternate.<br/>N6,N6-dimethyllysine; alternate.<br/>N6-acetyllysine; alternate.<br/>N6-methyllysine; alternate.<br/>Glycyl lysine isopeptide (Lys-Gly) (interchain with G-Cter in ubiquitin)<br/>N6,N6,N6-trimethyllysine<br/>N6,N6-dimethyllysine<br/>N6-acetyllysine<br/>N6-methyllysine<br/>N6-methyllysine";"Methylation";"None";"K";"ZZddddddddddddfZZ    ";"CCEECCCCCBCCCCCCC    ";"22";"17"
"HUMAN (Human)";"P68431";"28";"3KMT";"-";"I";"27";"N-METHYL-LYSINE                          ";"N6,N6,N6-trimethyllysine; alternate.<br/>N6,N6-dimethyllysine; alternate.<br/>N6-acetyllysine; alternate.<br/>N6-methyllysine; alternate.<br/>Glycyl lysine isopeptide (Lys-Gly) (interchain with G-Cter in ubiquitin)<br/>N6,N6,N6-trimethyllysine<br/>N6,N6-dimethyllysine<br/>N6-acetyllysine<br/>N6-methyllysine<br/>N6-methyllysine";"Methylation";"None";"K";"        ZZddddZZ     ";"        CCBCCCCC     ";"8";"8"
"HUMAN (Human)";"P68431";"5";"3KQI";"-";"B";"4";"N-TRIMETHYLLYSINE                        ";"N6,N6,N6-trimethyllysine; alternate.<br/>N6,N6-dimethyllysine; alternate.<br/>N6-acetyllysine; alternate.<br/>N6-methyllysine; alternate.<br/>Allysine; alternate.<br/>N6,N6,N6-trimethyllysine<br/>N6,N6-dimethyllysine<br/>N6-acetyllysine<br/>N6-methyllysine<br/>N6-methylated lysine<br/>N6-methyllysine";"Methylation";"None";"K";"       ZZddZZ        ";"       CCEECC        ";"12";"6"
"HUMAN (Human)";"P68431";"5";"3LQI";"-";"T";"4";"N-DIMETHYL-LYSINE                        ";"N6,N6,N6-trimethyllysine; alternate.<br/>N6,N6-dimethyllysine; alternate.<br/>N6-acetyllysine; alternate.<br/>N6-methyllysine; alternate.<br/>Allysine; alternate.<br/>N6,N6,N6-trimethyllysine<br/>N6,N6-dimethyllysine<br/>N6-acetyllysine<br/>N6-methyllysine<br/>N6-methylated lysine<br/>N6-methyllysine";"Methylation";"None";"K";"       ZZfklmgZZ     ";"       CEETTTSCC     ";"9";"9"
"HUMAN (Human)";"P68431";"5";"3LQJ";"-";"T";"4";"N-TRIMETHYLLYSINE                        ";"N6,N6,N6-trimethyllysine; alternate.<br/>N6,N6-dimethyllysine; alternate.<br/>N6-acetyllysine; alternate.<br/>N6-methyllysine; alternate.<br/>Allysine; alternate.<br/>N6,N6,N6-trimethyllysine<br/>N6,N6-dimethyllysine<br/>N6-acetyllysine<br/>N6-methyllysine<br/>N6-methylated lysine<br/>N6-methyllysine";"Methylation";"None";"K";"       ZZfkZZ        ";"       CEETTC        ";"9";"6"
"HUMAN (Human)";"P68431";"24";"3O34";"-";"B";"23";"N(6)-ACETYLLYSINE                        ";"N6-acetyllysine; alternate.<br/>N6-methyllysine; alternate.<br/>Glycyl lysine isopeptide (Lys-Gly) (interchain with G-Cter in SUMO)<br/>Glycyl lysine isopeptide (Lys-Gly) (interchain with G-Cter in ubiquitin)<br/>N6-acetyllysine<br/>N6-methyllysine";"Acetylation";"None";"K";"         ZZdddfbdfbZ ";"         CCCBCCSSCSC ";"22";"12"
"HUMAN (Human)";"P68431";"28";"3O35";"-";"E";"27";"N(6)-ACETYLLYSINE                        ";"N6,N6,N6-trimethyllysine; alternate.<br/>N6,N6-dimethyllysine; alternate.<br/>N6-acetyllysine; alternate.<br/>N6-methyllysine; alternate.<br/>Glycyl lysine isopeptide (Lys-Gly) (interchain with G-Cter in ubiquitin)<br/>N6,N6,N6-trimethyllysine<br/>N6,N6-dimethyllysine<br/>N6-acetyllysine<br/>N6-methyllysine<br/>N6-methyllysine";"Acetylation";"None";"K";"        ZZcZZ        ";"        CCCCC        ";"9";"5"
"HUMAN (Human)";"P68431";"80";"3QJ6";"-";"T";"79";"N-TRIMETHYLLYSINE                        ";"N6,N6-dimethyllysine; alternate.<br/>N6-acetyllysine; alternate.<br/>N6-methyllysine; alternate.<br/>Glycyl lysine isopeptide (Lys-Gly) (interchain with G-Cter in ubiquitin)<br/>N6,N6,N6-trimethyllysine<br/>N6,N6-dimethyllysine<br/>N6-acetyllysine<br/>N6-methyllysine<br/>N6-methyllysine";"Methylation";"None";"K";"       ZZdZZ         ";"       CCBCC         ";"12";"5"
"HUMAN (Human)";"P68431";"5";"3SOW";"-";"D";"4";"N-TRIMETHYLLYSINE                        ";"N6,N6,N6-trimethyllysine; alternate.<br/>N6,N6-dimethyllysine; alternate.<br/>N6-acetyllysine; alternate.<br/>N6-methyllysine; alternate.<br/>Allysine; alternate.<br/>N6,N6,N6-trimethyllysine<br/>N6,N6-dimethyllysine<br/>N6-acetyllysine<br/>N6-methyllysine<br/>N6-methylated lysine<br/>N6-methyllysine";"Methylation";"None";"K";"       ZZfbZZ        ";"       CCBSCC        ";"9";"6"
"HUMAN (Human)";"P68431";"10";"3U5N";"-";"D";"9";"N-TRIMETHYLLYSINE                        ";"N6,N6,N6-trimethyllysine; alternate.<br/>N6,N6-dimethyllysine; alternate.<br/>N6-acetyllysine; alternate.<br/>N6-methyllysine; alternate.<br/>N6,N6,N6-trimethyllysine<br/>N6,N6-dimethyllysine<br/>N6-acetyllysine<br/>N6-methyllysine<br/>N6-methylated lysine<br/>N6-methyllysine";"Methylation";"None";"K";"  ZZdddddddehjllccddZ";"  CCEEEECCCCSGGGSCCCC";"20";"20"
"HUMAN (Human)";"P68431";"15";"3U5N";"-";"D";"14";"N(6)-ACETYLLYSINE                        ";"N6-acetyllysine.<br/>Glycyl lysine isopeptide (Lys-Gly) (interchain with G-Cter in ubiquitin)<br/>N6,N6-dimethyllysine<br/>N6-acetyllysine<br/>N6-methyllysine";"Acetylation";"None";"K";"ddddddehjllccddZZ    ";"EEECCCCSGGGSCCCCC    ";"20";"20"
"HUMAN (Human)";"P68431";"10";"3U5O";"-";"P";"9";"N-TRIMETHYLLYSINE                        ";"N6,N6,N6-trimethyllysine; alternate.<br/>N6,N6-dimethyllysine; alternate.<br/>N6-acetyllysine; alternate.<br/>N6-methyllysine; alternate.<br/>N6,N6,N6-trimethyllysine<br/>N6,N6-dimethyllysine<br/>N6-acetyllysine<br/>N6-methyllysine<br/>N6-methylated lysine<br/>N6-methyllysine";"Methylation";"None";"K";"  ZZcddddddeopmbccehZ";"  CCEECCCCCCCCTTSCCSC";"22";"20"
"HUMAN (Human)";"P68431";"15";"3U5O";"-";"P";"14";"N(6)-ACETYLLYSINE                        ";"N6-acetyllysine.<br/>Glycyl lysine isopeptide (Lys-Gly) (interchain with G-Cter in ubiquitin)<br/>N6,N6-dimethyllysine<br/>N6-acetyllysine<br/>N6-methyllysine";"Acetylation";"None";"K";"ddddddeopmbccehZZ    ";"ECCCCCCCCTTSCCSCC    ";"22";"20"
"HUMAN (Human)";"P68431";"19";"3U5O";"-";"P";"18";"N(6)-ACETYLLYSINE                        ";"N6-acetyllysine; alternate.<br/>N6-methyllysine; alternate.<br/>Glycyl lysine isopeptide (Lys-Gly) (interchain with G-Cter in ubiquitin)<br/>N6-acetyllysine<br/>N6-methyllysine";"Acetylation";"None";"K";"ddeopmbccehZZ        ";"CCCCCTTSCCSCC        ";"22";"20"
"HUMAN (Human)";"P68431";"10";"3U5P";"-";"O";"9";"N-TRIMETHYLLYSINE                        ";"N6,N6,N6-trimethyllysine; alternate.<br/>N6,N6-dimethyllysine; alternate.<br/>N6-acetyllysine; alternate.<br/>N6-methyllysine; alternate.<br/>N6,N6,N6-trimethyllysine<br/>N6,N6-dimethyllysine<br/>N6-acetyllysine<br/>N6-methyllysine<br/>N6-methylated lysine<br/>N6-methyllysine";"Methylation";"None";"K";"  ZZcdddddfbdcfkjaZZ ";"  CCEEEECCCSCSCCCSCC ";"28";"18"
"HUMAN (Human)";"P68431";"15";"3U5P";"-";"O";"14";"N(6)-ACETYLLYSINE                        ";"N6-acetyllysine.<br/>Glycyl lysine isopeptide (Lys-Gly) (interchain with G-Cter in ubiquitin)<br/>N6,N6-dimethyllysine<br/>N6-acetyllysine<br/>N6-methyllysine";"Acetylation";"None";"K";"dddddfbdcfkjaZZ      ";"EEECCCSCSCCCSCC      ";"28";"18"
"HUMAN (Human)";"P68431";"19";"3U5P";"-";"O";"18";"N(6)-ACETYLLYSINE                        ";"N6-acetyllysine; alternate.<br/>N6-methyllysine; alternate.<br/>Glycyl lysine isopeptide (Lys-Gly) (interchain with G-Cter in ubiquitin)<br/>N6-acetyllysine<br/>N6-methyllysine";"Acetylation";"None";"K";"dfbdcfkjaZZ          ";"CCSCSCCCSCC          ";"28";"18"
"HUMAN (Human)";"P68431";"4";"3UIG";"-";"Q";"3";"PHOSPHOTHREONINE                         ";"Phosphothreonine; by GSG2.<br/>Phosphothreonine (VRK1)<br/>Phosphothreonine";"Phosphorylation";"None";"T";"        ZZeZZ        ";"        CEECC        ";"15";"5"
"HUMAN (Human)";"P68431";"4";"4A0J";"-";"D";"3";"PHOSPHOTHREONINE                         ";"Phosphothreonine; by GSG2.<br/>Phosphothreonine (VRK1)<br/>Phosphothreonine";"Phosphorylation";"None";"T";"        ZZdZZ        ";"        CEECC        ";"6";"5"
"HUMAN (Human)";"P68431";"4";"4A0N";"-";"C";"3";"PHOSPHOTHREONINE                         ";"Phosphothreonine; by GSG2.<br/>Phosphothreonine (VRK1)<br/>Phosphothreonine";"Phosphorylation";"None";"T";"        ZZZZ         ";"        CEEC         ";"6";"4"
"HUMAN (Human)";"P68431";"5";"4C1Q";"-";"C";"4";"N-DIMETHYL-LYSINE                        ";"N6,N6,N6-trimethyllysine; alternate.<br/>N6,N6-dimethyllysine; alternate.<br/>N6-acetyllysine; alternate.<br/>N6-methyllysine; alternate.<br/>Allysine; alternate.<br/>N6,N6,N6-trimethyllysine<br/>N6,N6-dimethyllysine<br/>N6-acetyllysine<br/>N6-methyllysine<br/>N6-methylated lysine<br/>N6-methyllysine";"Methylation";"None";"K";"       ZZccdZZ       ";"       CCEECCC       ";"10";"7"
"HUMAN (Human)";"P68431";"10";"4HON";"-";"G";"9";"N-TRIMETHYLLYSINE                        ";"N6,N6,N6-trimethyllysine; alternate.<br/>N6,N6-dimethyllysine; alternate.<br/>N6-acetyllysine; alternate.<br/>N6-methyllysine; alternate.<br/>N6,N6,N6-trimethyllysine<br/>N6,N6-dimethyllysine<br/>N6-acetyllysine<br/>N6-methyllysine<br/>N6-methylated lysine<br/>N6-methyllysine";"Methylation";"None";"K";"        ZZdfbZZ      ";"        CCCCSCC      ";"10";"7"
"HUMAN (Human)";"P68431";"5";"4L7X";"-";"U";"83";"N-TRIMETHYLLYSINE                        ";"N6,N6,N6-trimethyllysine; alternate.<br/>N6,N6-dimethyllysine; alternate.<br/>N6-acetyllysine; alternate.<br/>N6-methyllysine; alternate.<br/>Allysine; alternate.<br/>N6,N6,N6-trimethyllysine<br/>N6,N6-dimethyllysine<br/>N6-acetyllysine<br/>N6-methyllysine<br/>N6-methylated lysine<br/>N6-methyllysine";"Methylation";"None";"K";"       ZZdddZZ       ";"       CCEECCC       ";"12";"7"
"HUMAN (Human)";"P68431";"10";"4LKA";"-";"B";"9";"N(6)-ACETYLLYSINE                        ";"N6,N6,N6-trimethyllysine; alternate.<br/>N6,N6-dimethyllysine; alternate.<br/>N6-acetyllysine; alternate.<br/>N6-methyllysine; alternate.<br/>N6,N6,N6-trimethyllysine<br/>N6,N6-dimethyllysine<br/>N6-acetyllysine<br/>N6-methyllysine<br/>N6-methylated lysine<br/>N6-methyllysine";"Acetylation";"None";"K";"  ZZfklmmmmmZZ       ";"  CEEHHHHHHHHC       ";"21";"12"
"HUMAN (Human)";"P68431";"15";"4LLB";"-";"D";"14";"N(6)-ACETYLLYSINE                        ";"N6-acetyllysine.<br/>Glycyl lysine isopeptide (Lys-Gly) (interchain with G-Cter in ubiquitin)<br/>N6,N6-dimethyllysine<br/>N6-acetyllysine<br/>N6-methyllysine";"Acetylation";"None";"K";"klmmmmnnpaZZ         ";"HHHHHHHHTCCC         ";"21";"15"
"HUMAN (Human)";"P68431";"10";"4LXL";"-";"D";"9";"N-TRIMETHYLLYSINE                        ";"N6,N6,N6-trimethyllysine; alternate.<br/>N6,N6-dimethyllysine; alternate.<br/>N6-acetyllysine; alternate.<br/>N6-methyllysine; alternate.<br/>N6,N6,N6-trimethyllysine<br/>N6,N6-dimethyllysine<br/>N6-acetyllysine<br/>N6-methyllysine<br/>N6-methylated lysine<br/>N6-methyllysine";"Methylation";"None";"K";"        ZZdeejZZ     ";"        CCCCCCCC     ";"8";"8"
"HUMAN (Human)";"P68431";"37";"4N4H";"-";"B";"36";"N-TRIMETHYLLYSINE                        ";"N6,N6,N6-trimethyllysine; alternate.<br/>N6,N6-dimethyllysine; alternate.<br/>N6-acetyllysine; alternate.<br/>N6-methyllysine; alternate.<br/>Glycyl lysine isopeptide (Lys-Gly) (interchain with G-Cter in ubiquitin)<br/>N6,N6,N6-trimethyllysine<br/>N6,N6-dimethyllysine<br/>N6-acetyllysine<br/>N6-methyllysine<br/>N6-methyllysine";"Methylation";"None";"K";"   ZZkopadddZZ       ";"   CCTTCCBCCCC       ";"22";"11"
"HUMAN (Human)";"P68431";"4";"4QBS";"-";"P";"3";"PHOSPHOTHREONINE                         ";"Phosphothreonine; by GSG2.<br/>Phosphothreonine (VRK1)<br/>Phosphothreonine";"Phosphorylation";"None";"T";"        ZZddfZZ      ";"        CCEEECC      ";"7";"7"
"HUMAN (Human)";"P68431";"5";"4UP0";"-";"F";"4";"N-DIMETHYL-LYSINE                        ";"N6,N6,N6-trimethyllysine; alternate.<br/>N6,N6-dimethyllysine; alternate.<br/>N6-acetyllysine; alternate.<br/>N6-methyllysine; alternate.<br/>Allysine; alternate.<br/>N6,N6,N6-trimethyllysine<br/>N6,N6-dimethyllysine<br/>N6-acetyllysine<br/>N6-methyllysine<br/>N6-methylated lysine<br/>N6-methyllysine";"Methylation";"None";"K";"       ZZfkZZ        ";"       CCBTTC        ";"15";"6"
"HUMAN (Human)";"P68431";"5";"4UY4";"-";"D";"4";"N-TRIMETHYLLYSINE                        ";"N6,N6,N6-trimethyllysine; alternate.<br/>N6,N6-dimethyllysine; alternate.<br/>N6-acetyllysine; alternate.<br/>N6-methyllysine; alternate.<br/>Allysine; alternate.<br/>N6,N6,N6-trimethyllysine<br/>N6,N6-dimethyllysine<br/>N6-acetyllysine<br/>N6-methyllysine<br/>N6-methylated lysine<br/>N6-methyllysine";"Methylation";"None";"K";"       ZZcdZZ        ";"       CEECCC        ";"6";"6"
"MOUSE (Mouse)";"P68433";"28";"4EZH";"-";"D";"27";"N-TRIMETHYLLYSINE                        ";"N6,N6,N6-trimethyllysine; alternate.<br/>N6,N6-dimethyllysine; alternate.<br/>N6-acetyllysine; alternate.<br/>N6-methyllysine; alternate.<br/>N6,N6,N6-trimethyllysine<br/>N6,N6-dimethyllysine<br/>N6-acetyllysine<br/>N6-methyllysine";"Methylation";"None";"K";"       ZZdddddeeZZ   ";"       CCBCCCCCCCC   ";"11";"11"
"MOUSE (Mouse)";"P84228";"37";"4QWN";"-";"F";"36";"N-METHYL-LYSINE                          ";"N6,N6-dimethyllysine; alternate.<br/>N6-acetyllysine; alternate.<br/>N6-methyllysine; alternate.";"Methylation";"None";"K";"    ZZehiZZ          ";"    CCBCSCC          ";"15";"7"
"MOUSE (Mouse)";"P84228";"37";"4QX7";"-";"F";"36";"N-DIMETHYL-LYSINE                        ";"N6,N6-dimethyllysine; alternate.<br/>N6-acetyllysine; alternate.<br/>N6-methyllysine; alternate.";"Methylation";"None";"K";"     ZZhiabdZZ       ";"     CBCCCCCCC       ";"15";"9"
"MOUSE (Mouse)";"P84228";"37";"4QX8";"-";"F";"36";"N-TRIMETHYLLYSINE                        ";"N6,N6-dimethyllysine; alternate.<br/>N6-acetyllysine; alternate.<br/>N6-methyllysine; alternate.";"Methylation";"None";"K";"     ZZhiacdeZZ      ";"     CBCSCCCCCC      ";"15";"10"
"MOUSE (Mouse)";"P84228";"37";"4QXB";"-";"F";"36";"N-TRIMETHYLLYSINE                        ";"N6,N6-dimethyllysine; alternate.<br/>N6-acetyllysine; alternate.<br/>N6-methyllysine; alternate.";"Methylation";"None";"K";"     ZZhiacdZZ       ";"     CBCCCCCCC       ";"15";"9"
"MOUSE (Mouse)";"P84228";"37";"4QXC";"-";"F";"36";"N-DIMETHYL-LYSINE                        ";"N6,N6-dimethyllysine; alternate.<br/>N6-acetyllysine; alternate.<br/>N6-methyllysine; alternate.";"Methylation";"None";"K";"     ZZhiacdZZ       ";"     CBCCCCCCC       ";"15";"9"
"MOUSE (Mouse)";"P84228";"37";"4QXH";"-";"F";"36";"N-METHYL-LYSINE                          ";"N6,N6-dimethyllysine; alternate.<br/>N6-acetyllysine; alternate.<br/>N6-methyllysine; alternate.";"Methylation";"None";"K";"    ZZehiacdZZ       ";"    CCBCSCCCCC       ";"15";"10"
"XENLA (African clawed frog)";"P84233";"10";"3GV6";"-";"B";"9";"N-TRIMETHYLLYSINE                        ";"N6-methylated lysine.";"Methylation";"None";"K";"      ZZddZZ         ";"      CEEEEC         ";"15";"6"
"HUMAN (Human)";"P84243";"10";"3ASK";"-";"Q";"9";"N-TRIMETHYLLYSINE                        ";"N6,N6,N6-trimethyllysine; alternate.<br/>N6,N6-dimethyllysine; alternate.<br/>N6-acetyllysine; alternate.<br/>N6-methyllysine; alternate.<br/>N6,N6,N6-trimethyllysine<br/>N6,N6-dimethyllysine<br/>N6-acetyllysine<br/>N6-methyllysine<br/>N6-acetyllysine";"Methylation";"None";"K";"  ZZfklmmZZ          ";"  CCBGGGGCC          ";"13";"9"
"HUMAN (Human)";"P84243";"15";"3JVK";"-";"C";"3";"N(6)-ACETYLLYSINE                        ";"N6-acetyllysine.<br/>N6-acetyllysine<br/>N6-acetyllysine<br/>N6-acetyllysine";"Acetylation";"None";"K";"        ZZZZ         ";"        CCCC         ";"8";"4"
"HUMAN (Human)";"P84243";"10";"3QL9";"-";"C";"9";"N-TRIMETHYLLYSINE                        ";"N6,N6,N6-trimethyllysine; alternate.<br/>N6,N6-dimethyllysine; alternate.<br/>N6-acetyllysine; alternate.<br/>N6-methyllysine; alternate.<br/>N6,N6,N6-trimethyllysine<br/>N6,N6-dimethyllysine<br/>N6-acetyllysine<br/>N6-methyllysine<br/>N6-acetyllysine";"Methylation";"None";"K";"  ZZddddddZZ         ";"  CCEEECCCCC         ";"15";"10"
"HUMAN (Human)";"P84243";"10";"3QLA";"-";"F";"9";"N-TRIMETHYLLYSINE                        ";"N6,N6,N6-trimethyllysine; alternate.<br/>N6,N6-dimethyllysine; alternate.<br/>N6-acetyllysine; alternate.<br/>N6-methyllysine; alternate.<br/>N6,N6,N6-trimethyllysine<br/>N6,N6-dimethyllysine<br/>N6-acetyllysine<br/>N6-methyllysine<br/>N6-acetyllysine";"Methylation";"None";"K";"  ZZddddddZZ         ";"  CEEEECCCCC         ";"15";"10"
"HUMAN (Human)";"P84243";"10";"4GNG";"-";"F";"9";"N-TRIMETHYLLYSINE                        ";"N6,N6,N6-trimethyllysine; alternate.<br/>N6,N6-dimethyllysine; alternate.<br/>N6-acetyllysine; alternate.<br/>N6-methyllysine; alternate.<br/>N6,N6,N6-trimethyllysine<br/>N6,N6-dimethyllysine<br/>N6-acetyllysine<br/>N6-methyllysine<br/>N6-acetyllysine";"Methylation";"None";"K";"  ZZddddddZZ         ";"  CEEEECCCCC         ";"15";"10"
"HUMAN (Human)";"P84243";"10";"4GY5";"-";"F";"9";"N-TRIMETHYLLYSINE                        ";"N6,N6,N6-trimethyllysine; alternate.<br/>N6,N6-dimethyllysine; alternate.<br/>N6-acetyllysine; alternate.<br/>N6-methyllysine; alternate.<br/>N6,N6,N6-trimethyllysine<br/>N6,N6-dimethyllysine<br/>N6-acetyllysine<br/>N6-methyllysine<br/>N6-acetyllysine";"Methylation";"None";"K";"  ZZfklmmZZ          ";"  CCCSSSSCC          ";"17";"9"
"HUMAN (Human)";"P84243";"5";"4L58";"-";"B";"4";"N-TRIMETHYLLYSINE                        ";"N6,N6,N6-trimethyllysine; alternate.<br/>N6,N6-dimethyllysine; alternate.<br/>N6-acetyllysine; alternate.<br/>N6-methyllysine; alternate.<br/>Allysine; alternate.<br/>N6-methyllysine";"Methylation";"None";"K";"       ZZdddZZ       ";"       CCEECCC       ";"12";"7"
"HUMAN (Human)";"P84243";"37";"4N4I";"-";"B";"36";"N-TRIMETHYLLYSINE                        ";"N6,N6,N6-trimethyllysine; alternate.<br/>N6,N6-dimethyllysine; alternate.<br/>N6-acetyllysine; alternate.<br/>N6-methyllysine; alternate.<br/>Glycyl lysine isopeptide (Lys-Gly) (interchain with G-Cter in ubiquitin)<br/>N6,N6,N6-trimethyllysine<br/>N6,N6-dimethyllysine<br/>N6-acetyllysine<br/>N6-methyllysine<br/>N6-acetyllysine";"Methylation";"None";"K";"   ZZkopadddZZ       ";"   CCTTCCBCCCC       ";"24";"11"
"YEAST (Baker's yeast)";"Q08649";"262";"3TO6";"-";"A";"262";"N(6)-ACETYLLYSINE                        ";"N6-acetyllysine; by autocatalysis.";"Acetylation";"d (Alpha and beta proteins (a+b))";"K";"mmmmmmcfbdcdfklmmlpcc";"HHHHHTTCSCCSCTTCCTTEE";"276";"276"
"HUMAN (Human)";"Q16695";"28";"4V2V";"-";"C";"27";"N-TRIMETHYLLYSINE                        ";"N6-methylated lysine; alternate.<br/>Glycyl lysine isopeptide (Lys-Gly) (interchain with G-Cter in ubiquitin)<br/>N6-acetyllysine<br/>N6-acetyllysine<br/>N6-methylated lysine<br/>N6-methyllysine";"Methylation";"None";"K";"        ZZdZZ        ";"        CBCCC        ";"5";"5"
"HUMAN (Human)";"Q16695";"28";"4V2W";"-";"C";"27";"N-TRIMETHYLLYSINE                        ";"N6-methylated lysine; alternate.<br/>Glycyl lysine isopeptide (Lys-Gly) (interchain with G-Cter in ubiquitin)<br/>N6-acetyllysine<br/>N6-acetyllysine<br/>N6-methylated lysine<br/>N6-methyllysine";"Methylation";"None";"K";"        ZZZZ         ";"        CBCC         ";"20";"4"
"HUMAN (Human)";"Q71DI3";"37";"2X4W";"-";"B";"36";"N-TRIMETHYLLYSINE                        ";"N6,N6,N6-trimethyllysine; alternate.<br/>N6,N6-dimethyllysine; alternate.<br/>N6-acetyllysine; alternate.<br/>N6-methyllysine; alternate.";"Methylation";"None";"K";"  ZZdddddddfkZZ      ";"  CCCCCCCBCCTTC      ";"21";"13"
"HUMAN (Human)";"Q71DI3";"37";"2X4X";"-";"H";"36";"N-TRIMETHYLLYSINE                        ";"N6,N6,N6-trimethyllysine; alternate.<br/>N6,N6-dimethyllysine; alternate.<br/>N6-acetyllysine; alternate.<br/>N6-methyllysine; alternate.";"Methylation";"None";"K";"  ZZddddddddZZ       ";"  CCCCCCCBCCCC       ";"21";"12"
"HUMAN (Human)";"Q71DI3";"37";"2X4Y";"-";"P";"36";"N-TRIMETHYLLYSINE                        ";"N6,N6,N6-trimethyllysine; alternate.<br/>N6,N6-dimethyllysine; alternate.<br/>N6-acetyllysine; alternate.<br/>N6-methyllysine; alternate.";"Methylation";"None";"K";"ZmpccdddddZZ         ";"TTTSCCCCCBCC         ";"21";"13"
"HUMAN (Human)";"Q71DI3";"10";"3DB3";"-";"B";"9";"N-TRIMETHYLLYSINE                        ";"N6,N6,N6-trimethyllysine; alternate.<br/>N6,N6-dimethyllysine; alternate.<br/>N6-acetyllysine; alternate.<br/>N6-methyllysine; alternate.";"Methylation";"None";"K";"         ZZZ         ";"         CCC         ";"6";"3"
"HUMAN (Human)";"Q71DI3";"37";"3MO8";"-";"B";"7";"N-TRIMETHYLLYSINE                        ";"N6,N6,N6-trimethyllysine; alternate.<br/>N6,N6-dimethyllysine; alternate.<br/>N6-acetyllysine; alternate.<br/>N6-methyllysine; alternate.";"Methylation";"None";"K";"    ZZdddddfklZZ     ";"    CCCCCBCCTTTC     ";"12";"12"
"HUMAN (Human)";"Q71DI3";"10";"3QO2";"-";"S";"9";"N-TRIMETHYLLYSINE                        ";"N6,N6,N6-trimethyllysine; alternate.<br/>N6,N6-dimethyllysine; alternate.<br/>N6-acetyllysine; alternate.<br/>N6-methyllysine; alternate.";"Methylation";"None";"K";"  ZZccdddddfbdcZZ    ";"  CCSCCEEECCCCEEC    ";"15";"15"
"HUMAN (Human)";"Q71DI3";"10";"3R93";"-";"H";"9";"N-TRIMETHYLLYSINE                        ";"N6,N6,N6-trimethyllysine; alternate.<br/>N6,N6-dimethyllysine; alternate.<br/>N6-acetyllysine; alternate.<br/>N6-methyllysine; alternate.";"Methylation";"None";"K";"     ZZddddfbdcZZ    ";"     CCEEECCCCEEC    ";"15";"12"
"HUMAN (Human)";"Q71DI3";"5";"4MZF";"-";"A";"4";"N-TRIMETHYLLYSINE                        ";"N6,N6,N6-trimethyllysine; alternate.<br/>N6,N6-dimethyllysine; alternate.<br/>N6-acetyllysine; alternate.<br/>N6-methyllysine; alternate.<br/>Allysine; alternate.<br/>N6-methylated lysine";"Methylation";"None";"K";"       ZZddddeZZ     ";"       CEECCCCCC     ";"9";"9"
"HUMAN (Human)";"Q71DI3";"5";"4MZG";"-";"C";"4";"N-TRIMETHYLLYSINE                        ";"N6,N6,N6-trimethyllysine; alternate.<br/>N6,N6-dimethyllysine; alternate.<br/>N6-acetyllysine; alternate.<br/>N6-methyllysine; alternate.<br/>Allysine; alternate.<br/>N6-methylated lysine";"Methylation";"None";"K";"       ZZdfZZ        ";"       CEECCC        ";"20";"6"
"HUMAN (Human)";"Q71DI3";"5";"4MZH";"-";"B";"4";"N-TRIMETHYLLYSINE                        ";"N6,N6,N6-trimethyllysine; alternate.<br/>N6,N6-dimethyllysine; alternate.<br/>N6-acetyllysine; alternate.<br/>N6-methyllysine; alternate.<br/>Allysine; alternate.<br/>N6-methylated lysine";"Methylation";"None";"K";"       ZZdddZZ       ";"       CEECCCC       ";"9";"7"