pdb	interacting_chains	residue	atomic_contacts	
3tu4	AK	73	3	
3tu4	AK	76	8	
3tu4	AK	77	35	
3tu4	AK	78	18	
3tu4	AK	79	35	
3tu4	AK	80	52	
4jjn	AK	73	5	
4jjn	AK	76	9	
4jjn	AK	77	27	
4jjn	AK	78	17	
4jjn	AK	79	35	
4jjn	AK	80	54	
4kud	AK	74	3	
4kud	AK	77	5	
4kud	AK	78	29	
4kud	AK	79	12	
4kud	AK	80	10	
4kud	AK	81	39	
4r8p	AK	76	15	
4r8p	AK	77	34	
4r8p	AK	78	17	
4r8p	AK	79	8	
4r8p	AK	80	11	
6c0w	AK	79	2	
6c0w	AK	80	51	
6c0w	AK	81	8	
6c0w	AK	82	29	
6c0w	AK	83	22	
4ld9	AL	74	2	
4ld9	AL	77	5	
4ld9	AL	78	11	
4ld9	AL	79	10	
4ld9	AL	80	34	
4ld9	AL	81	41	
4ld9	AL	82	1	
5mlu	AM	84	8	
5mlu	AM	87	23	
5mlu	AM	88	22	
5mlu	AM	91	12	
5mlu	AM	96	17	
5mlu	AM	97	48	
6buz	AN	99	1	
6buz	AN	100	51	
6buz	AN	102	9	
5x0y	AO	81	27	
5x0y	AO	83	6	
5o9g	AW	81	6	
4zux	AX	81	2	
4zux	ba	9	5	
4zux	ba	16	1	
4zux	ba	22	6	
4zux	ba	25	1	
4zux	ba	26	2	
4zux	ba	29	8	
4zux	ba	30	2	
4zux	ba	33	2	
4zux	ba	38	6	
4zux	ba	39	1	
4zux	ba	42	1	
4zux	ba	43	4	
4zux	ba	46	9	
4zux	ba	47	9	
4zux	ba	50	17	
4zux	ba	51	1	
4zux	ba	54	3	
4zux	ba	55	4	
4zux	ba	56	52	
4zux	ba	57	2	
4zux	ba	58	47	
4zux	ba	61	4	
4zux	ba	62	12	
4zux	ba	65	2	
4zux	ba	66	17	
4zux	ba	69	3	
4zux	ba	70	8	
4zux	ba	73	2	
4zux	ba	78	8	
4zux	ba	81	2	
4zux	ba	82	19	
4zux	ba	85	20	
4zux	ba	86	57	
4zux	ba	89	16	
4zux	ba	93	4	
6etx	BA	12	7	
6etx	BA	13	26	
6etx	BA	14	108	
6etx	BA	15	59	
6etx	BA	16	13	
6etx	BA	17	1	
6etx	BA	18	17	
6etx	BA	72	1	
6etx	BA	77	10	
6etx	BA	81	8	
6etx	BA	93	1	
6etx	BA	95	5	
6etx	BA	97	19	
6etx	BA	99	37	
6etx	BA	100	20	
6etx	BA	102	8	
6etx	BA	103	19	
6etx	BA	104	37	
6etx	BA	105	13	
6etx	BA	118	41	
6etx	BA	212	1	
6etx	BA	213	10	
6etx	BA	214	59	
6etx	BA	215	69	
6etx	BA	216	19	
6etx	BA	217	22	
6etx	BA	218	11	
6etx	BA	239	6	
6etx	BA	241	3	
6etx	BA	242	1	
6etx	BA	245	6	
6etx	BA	256	6	
6etx	BA	261	5	
6etx	BA	262	40	
6etx	BA	263	4	
6etx	BA	264	8	
6etx	BA	265	13	
6etx	BA	266	7	
6etx	BA	268	24	
6etx	BA	300	4	
6etx	BA	302	8	
6etx	BA	303	13	
6etx	BA	306	24	
6etx	BA	332	5	
6etx	BA	333	3	
6etx	BA	336	4	
6etx	BA	337	5	
6etx	BA	339	14	
6etx	BA	382	8	
6etx	BA	402	6	
6etx	BA	404	39	
6etx	BA	405	14	
6etx	BA	407	2	
6etx	BA	408	42	
6etx	BA	409	6	
6etx	BA	411	19	
6etx	BA	412	6	
6etx	BA	415	22	
6etx	BA	416	11	
6etx	BA	418	4	
6etx	BA	419	31	
6etx	BA	432	13	
6etx	BA	433	2	
6etx	BA	436	24	
6etx	BA	437	40	
6etx	BA	438	58	
6etx	BA	439	1	
6etx	BA	440	15	
6etx	BA	443	8	
6etx	BA	444	6	
6etx	BA	447	43	
6etx	BA	448	2	
6etx	BA	450	14	
6etx	BA	451	11	
6etx	BA	453	7	
6etx	BA	454	81	
6fml	BA	147	6	
6fml	BA	148	11	
6fml	BA	250	7	
6fml	BA	257	6	
6fml	BA	258	20	
6fml	BA	261	12	
6fml	BA	262	3	
6fml	BA	265	17	
6fml	BA	266	13	
6fml	BA	268	19	
6fml	BA	345	3	
6fml	BA	353	4	
6fml	BA	354	5	
6fml	BA	357	4	
3tu4	BK	13	30	
3tu4	BK	14	14	
3tu4	BK	15	15	
3tu4	BK	16	44	
3tu4	BK	17	2	
3tu4	BK	18	53	
3tu4	BK	19	14	
3tu4	BK	20	20	
3tu4	BK	21	22	
3tu4	BK	22	4	
3tu4	BK	23	39	
3tu4	BK	24	1	
3tu4	BK	74	17	
3tu4	BK	75	9	
3tu4	BK	77	12	
4jjn	BK	14	13	
4jjn	BK	15	12	
4jjn	BK	16	33	
4jjn	BK	17	2	
4jjn	BK	18	64	
4jjn	BK	19	22	
4jjn	BK	20	26	
4jjn	BK	21	29	
4jjn	BK	22	5	
4jjn	BK	23	40	
4jjn	BK	24	1	
4jjn	BK	71	1	
4jjn	BK	74	22	
4jjn	BK	75	9	
4jjn	BK	77	11	
4kud	BK	16	16	
4kud	BK	17	44	
4kud	BK	18	3	
4kud	BK	19	59	
4kud	BK	20	15	
4kud	BK	21	22	
4kud	BK	22	37	
4kud	BK	23	6	
4kud	BK	24	51	
4kud	BK	72	4	
4kud	BK	75	28	
4kud	BK	76	7	
4kud	BK	78	6	
4r8p	BK	21	4	
4r8p	BK	23	7	
4r8p	BK	74	10	
6c0w	BK	24	15	
6c0w	BK	75	1	
6c0w	BK	78	4	
6c0w	BK	80	12	
4ld9	BL	14	1	
4ld9	BL	15	7	
4ld9	BL	16	10	
4ld9	BL	17	36	
4ld9	BL	18	2	
4ld9	BL	19	54	
4ld9	BL	20	11	
4ld9	BL	22	22	
4ld9	BL	23	1	
4ld9	BL	24	68	
4ld9	BL	25	16	
4ld9	BL	60	3	
4ld9	BL	64	3	
4ld9	BL	72	1	
4ld9	BL	75	38	
4ld9	BL	76	7	
4ld9	BL	78	6	
4ld9	BL	80	1	
4r8p	BL	23	16	
5kgf	BL	75	12	
5x0y	BO	15	5	
5x0y	BO	16	25	
5x0y	BO	17	87	
5x0y	BO	18	71	
5x0y	BO	19	5	
5x0y	BO	20	18	
4zux	BU	80	11	
5o9g	BW	17	4	
5o9g	BW	18	20	
5o9g	BW	19	31	
5o9g	BW	20	41	
5o9g	BW	21	9	
6etx	CA	259	20	
6etx	CA	262	12	
6etx	CA	263	17	
6etx	CA	265	4	
6fml	CA	261	4	
6fml	CA	264	9	
6fml	CA	265	2	
6fml	CA	266	1	
6fml	CA	456	1	
6fml	CA	457	2	
6fml	CA	461	12	
6fml	CA	462	2	
6etx	CB	16	4	
6etx	CB	17	13	
6etx	CB	18	27	
6etx	CB	19	44	
6etx	CB	20	9	
6etx	CB	21	71	
6etx	CB	22	15	
6etx	CB	23	5	
6etx	CB	24	1	
6etx	CB	25	21	
6etx	CB	84	3	
6etx	CB	102	15	
6etx	CB	103	9	
6etx	CB	104	4	
6etx	CB	106	31	
6etx	CB	107	21	
6etx	CB	109	20	
6etx	CB	110	22	
6etx	CB	111	12	
6etx	CB	112	10	
6etx	CB	113	7	
6etx	CB	125	5	
6etx	CB	183	4	
6etx	CB	184	6	
6etx	CB	219	1	
6etx	CB	246	5	
6etx	CB	258	2	
6etx	CB	260	16	
6etx	CB	261	53	
6etx	CB	262	22	
6etx	CB	263	14	
6etx	CB	264	7	
6etx	CB	299	3	
6etx	CB	300	24	
6etx	CB	302	2	
6etx	CB	303	23	
6etx	CB	330	19	
6etx	CB	333	1	
6etx	CB	334	14	
6etx	CB	336	8	
6etx	CB	374	1	
6etx	CB	378	10	
6etx	CB	398	5	
6etx	CB	400	39	
6etx	CB	404	36	
6etx	CB	407	15	
6etx	CB	408	5	
6etx	CB	411	33	
6etx	CB	412	4	
6etx	CB	414	5	
6etx	CB	415	13	
6etx	CB	428	15	
6etx	CB	432	36	
6etx	CB	433	36	
6etx	CB	434	15	
6etx	CB	435	2	
6etx	CB	436	26	
6etx	CB	439	16	
6etx	CB	440	3	
6etx	CB	442	28	
6etx	CB	443	46	
6etx	CB	446	15	
6etx	CB	447	18	
6etx	CB	449	1	
6etx	CB	450	54	
6etx	CB	451	37	
6etx	CB	452	24	
6etx	CB	453	15	
6fml	CB	258	2	
6fml	CB	264	4	
6fml	CB	265	8	
6fml	CB	344	1	
6fml	CB	345	3	
6fml	CB	353	4	
6fml	CB	354	6	
6fml	CB	357	2	
3tu4	CK	57	21	
3tu4	CK	60	7	
3tu4	CK	61	35	
3tu4	CK	64	12	
3tu4	CK	65	1	
3tu4	CK	90	11	
3tu4	CK	92	9	
3tu4	CK	93	4	
4jjn	CK	51	5	
4jjn	CK	58	9	
4jjn	CK	61	8	
4jjn	CK	62	16	
4jjn	CK	65	19	
4kud	CK	58	10	
4kud	CK	59	20	
4kud	CK	62	6	
4kud	CK	63	18	
4kud	CK	67	2	
4kud	CK	92	11	
4kud	CK	94	19	
4kud	CK	95	3	
3mvd	CL	57	18	
3mvd	CL	60	17	
3mvd	CL	61	44	
3mvd	CL	64	31	
3mvd	CL	65	1	
3mvd	CL	71	30	
3mvd	CL	72	3	
3mvd	CL	74	6	
3mvd	CL	75	9	
3mvd	CL	76	14	
3mvd	CL	90	11	
3mvd	CL	92	10	
3mvd	CL	93	5	
4ld9	CL	58	4	
4ld9	CL	62	18	
4ld9	CL	66	1	
4ld9	CL	91	11	
4ld9	CL	93	1	
4ld9	CL	94	1	
4r8p	CL	57	5	
4r8p	CL	61	26	
4r8p	CL	64	11	
4r8p	CL	65	8	
4r8p	CL	68	30	
4r8p	CL	69	4	
4r8p	CL	71	1	
4r8p	CL	72	15	
4r8p	CL	88	1	
4r8p	CL	89	24	
4r8p	CL	90	31	
4r8p	CL	91	21	
4r8p	CL	92	29	
4r8p	CL	93	6	
4r8p	CL	118	10	
4r8p	CL	119	21	
5kgf	CL	58	19	
5kgf	CL	62	29	
5kgf	CL	65	9	
5kgf	CL	66	2	
5kgf	CL	90	11	
5kgf	CL	91	21	
5kgf	CL	92	2	
5kgf	CL	93	37	
5kgf	CL	94	8	
5kgf	CM	16	23	
5kgf	CM	20	11	
5kgf	CM	21	3	
5mlu	CM	11	2	
5mlu	CM	43	20	
5mlu	CM	44	21	
5mlu	CM	47	14	
5mlu	CM	48	53	
5mlu	CM	51	4	
5mlu	CM	52	10	
5mlu	CM	75	11	
5mlu	CM	76	19	
5mlu	CM	77	44	
5mlu	CM	78	47	
5mlu	CM	79	6	
5mlu	CM	80	6	
5mlu	CM	81	6	
5mlu	CM	95	7	
5mlu	CM	99	12	
4zux	CU	58	2	
4zux	CW	20	2	
4zux	CW	23	9	
4zux	CW	25	24	
4zux	CW	57	2	
4zux	CW	58	26	
4zux	CW	61	9	
4zux	CW	62	29	
4zux	CW	65	23	
4zux	CW	68	2	
4zux	CW	69	20	
4zux	CW	72	19	
4zux	da	8	19	
4zux	da	11	6	
4zux	da	12	8	
4zux	da	14	5	
4zux	da	15	6	
4zux	da	18	11	
4zux	da	23	1	
4zux	da	27	3	
4zux	da	30	12	
4zux	da	90	2	
4zux	da	91	7	
4zux	da	92	15	
4zux	da	93	21	
4zux	da	94	66	
4zux	da	95	30	
6fml	DA	14	19	
6fml	DA	15	93	
6fml	DA	16	26	
6fml	DA	17	21	
6fml	DA	18	8	
6fml	DA	19	14	
6fml	DA	73	2	
6fml	DA	77	1	
6fml	DA	78	11	
6fml	DA	98	12	
6fml	DA	100	43	
6fml	DA	101	12	
6fml	DA	103	19	
6fml	DA	104	9	
6fml	DA	105	33	
6fml	DA	106	25	
6fml	DA	115	10	
6fml	DA	119	44	
6fml	DA	213	1	
6fml	DA	214	33	
6fml	DA	215	17	
6fml	DA	216	44	
6fml	DA	217	14	
6fml	DA	218	20	
6fml	DA	242	22	
6fml	DA	243	6	
6fml	DA	246	7	
6fml	DA	252	3	
6fml	DA	263	30	
6fml	DA	264	23	
6fml	DA	266	10	
6fml	DA	267	20	
6fml	DA	268	2	
6fml	DA	269	28	
6fml	DA	270	1	
6fml	DA	272	1	
6fml	DA	303	17	
6fml	DA	304	16	
6fml	DA	307	16	
6fml	DA	333	5	
6fml	DA	334	3	
6fml	DA	340	2	
6fml	DA	379	1	
6fml	DA	383	8	
6fml	DA	403	6	
6fml	DA	405	49	
6fml	DA	406	4	
6fml	DA	408	1	
6fml	DA	409	37	
6fml	DA	412	13	
6fml	DA	413	6	
6fml	DA	416	12	
6fml	DA	417	5	
6fml	DA	419	11	
6fml	DA	420	24	
6fml	DA	433	7	
6fml	DA	436	6	
6fml	DA	437	33	
6fml	DA	438	41	
6fml	DA	439	41	
6fml	DA	440	10	
6fml	DA	441	15	
6fml	DA	444	21	
6fml	DA	445	3	
6fml	DA	447	7	
6fml	DA	448	33	
6fml	DA	449	1	
6fml	DA	457	28	
6fml	DA	458	27	
6fml	DA	459	12	
6fml	DA	460	56	
6fml	DA	461	46	
6fml	DA	462	11	
4zux	db	7	3	
4zux	db	8	16	
4zux	db	9	12	
4zux	db	30	13	
4zux	db	34	31	
4zux	db	37	2	
4zux	db	38	1	
4zux	db	41	1	
6etx	DB	451	15	
6etx	DB	452	48	
6etx	DC	12	11	
6etx	DC	13	6	
6etx	DC	14	78	
6etx	DC	15	39	
6etx	DC	16	7	
6etx	DC	17	1	
6etx	DC	18	17	
6etx	DC	72	3	
6etx	DC	76	2	
6etx	DC	77	16	
6etx	DC	81	1	
6etx	DC	97	21	
6etx	DC	99	41	
6etx	DC	100	10	
6etx	DC	102	16	
6etx	DC	103	12	
6etx	DC	104	25	
6etx	DC	105	10	
6etx	DC	118	7	
6etx	DC	184	1	
6etx	DC	186	6	
6etx	DC	212	3	
6etx	DC	213	35	
6etx	DC	214	42	
6etx	DC	215	45	
6etx	DC	216	38	
6etx	DC	217	27	
6etx	DC	218	10	
6etx	DC	242	1	
6etx	DC	245	5	
6etx	DC	251	2	
6etx	DC	262	11	
6etx	DC	263	3	
6etx	DC	264	9	
6etx	DC	265	35	
6etx	DC	266	19	
6etx	DC	268	22	
6etx	DC	302	24	
6etx	DC	303	35	
6etx	DC	306	27	
6etx	DC	332	7	
6etx	DC	333	7	
6etx	DC	336	2	
6etx	DC	339	9	
6etx	DC	378	9	
6etx	DC	382	18	
6etx	DC	402	9	
6etx	DC	404	52	
6etx	DC	405	6	
6etx	DC	407	6	
6etx	DC	408	36	
6etx	DC	409	2	
6etx	DC	411	8	
6etx	DC	412	3	
6etx	DC	415	23	
6etx	DC	416	8	
6etx	DC	418	5	
6etx	DC	419	16	
6etx	DC	432	10	
6etx	DC	436	19	
6etx	DC	437	29	
6etx	DC	438	35	
6etx	DC	439	2	
6etx	DC	440	8	
6etx	DC	443	7	
6etx	DC	444	5	
6etx	DC	447	29	
6etx	DC	450	23	
6etx	DC	451	9	
6etx	DC	453	10	
6etx	DC	454	76	
6fml	DC	29	3	
6fml	DC	30	3	
6fml	DC	31	4	
6fml	DC	32	2	
6fml	DC	45	4	
6fml	DC	48	18	
6fml	DC	49	22	
6fml	DC	52	16	
6fml	DC	53	2	
6fml	DC	55	18	
6fml	DC	56	8	
6fml	DC	59	2	
6fml	DC	60	4	
6fml	DC	61	14	
6fml	DC	62	1	
6fml	DC	63	19	
6fml	DC	65	23	
6fml	DC	70	2	
6fml	DC	71	8	
6fml	DC	72	9	
6fml	DC	73	20	
6fml	DC	74	5	
6fml	DC	75	7	
6fml	DC	104	2	
6fml	DC	105	3	
6fml	DC	106	3	
6fml	DC	107	9	
6fml	DC	108	41	
6fml	DC	110	15	
6fml	DC	132	25	
6fml	DC	156	8	
6fml	DC	157	21	
6fml	DC	170	1	
6fml	DC	171	11	
6fml	DC	172	46	
6fml	DC	173	21	
6fml	DC	174	37	
6fml	DC	175	7	
6fml	DC	178	5	
6fml	DC	179	15	
6fml	DC	182	2	
6fml	DC	194	1	
6fml	DC	195	1	
6fml	DC	196	15	
6fml	DC	197	8	
6fml	DC	198	21	
6fml	DC	199	4	
6fml	DC	248	1	
6fml	DC	249	11	
6fml	DC	251	2	
6fml	DC	258	2	
6fml	DC	270	20	
6fml	DC	271	46	
6fml	DC	272	13	
6fml	DC	273	37	
6fml	DC	274	3	
6fml	DC	275	19	
6fml	DC	276	16	
6fml	DC	282	2	
6fml	DC	295	1	
6fml	DC	310	15	
6fml	DC	311	39	
6fml	DC	314	33	
6fml	DC	315	16	
6fml	DC	317	9	
6fml	DC	318	25	
6fml	DC	321	25	
6fml	DC	322	2	
6fml	DC	323	8	
6fml	DC	333	18	
6fml	DC	334	63	
6fml	DC	335	27	
6fml	DC	336	15	
6fml	DC	337	6	
6fml	DC	338	8	
6fml	DC	344	17	
6fml	DC	345	4	
6fml	DC	346	3	
6fml	DC	348	2	
6fml	DC	349	12	
6fml	DC	354	24	
6fml	DC	356	9	
6fml	DC	357	36	
6fml	DC	358	29	
6fml	DC	359	1	
6fml	DC	360	41	
6fml	DC	361	47	
6fml	DC	362	8	
6fml	DC	363	20	
6fml	DC	364	5	
6fml	DC	365	2	
6fml	DC	366	9	
6fml	DC	400	17	
6fml	DC	401	2	
6fml	DC	402	12	
6fml	DC	403	12	
6fml	DC	442	4	
3tu4	DK	45	1	
3tu4	DK	89	29	
3tu4	DK	92	17	
3tu4	DK	93	8	
3tu4	DK	96	7	
3tu4	DK	102	20	
3tu4	DK	103	16	
3tu4	DK	105	2	
3tu4	DK	106	43	
3tu4	DK	108	16	
3tu4	DK	109	22	
3tu4	DK	110	24	
3tu4	DK	112	4	
3tu4	DK	113	7	
3tu4	DK	116	1	
4jjn	DK	51	7	
4jjn	DK	94	7	
4jjn	DK	95	28	
4jjn	DK	98	29	
4jjn	DK	99	7	
4jjn	DK	102	13	
4jjn	DK	111	1	
4jjn	DK	112	20	
4jjn	DK	114	16	
4jjn	DK	115	10	
4jjn	DK	116	10	
4jjn	DK	118	11	
4jjn	DK	119	16	
4jjn	DK	121	1	
4kud	DK	48	1	
4kud	DK	51	1	
4kud	DK	52	1	
4kud	DK	96	15	
4kud	DK	99	12	
4kud	DK	100	10	
4kud	DK	103	41	
4kud	DK	109	16	
4kud	DK	110	16	
4kud	DK	112	10	
4kud	DK	113	64	
4kud	DK	115	2	
4kud	DK	116	26	
4kud	DK	117	17	
4kud	DK	119	6	
4kud	DK	120	24	
4r8p	DK	96	2	
4r8p	DK	102	1	
4r8p	DK	105	6	
6c0w	DK	93	10	
6c0w	DK	123	1	
3mvd	DL	44	2	
3mvd	DL	45	19	
3mvd	DL	46	6	
3mvd	DL	48	1	
3mvd	DL	102	10	
3mvd	DL	103	19	
3mvd	DL	106	29	
4ld9	DL	93	11	
4ld9	DL	96	9	
4ld9	DL	97	9	
4ld9	DL	100	42	
4ld9	DL	106	29	
4ld9	DL	107	9	
4ld9	DL	109	10	
4ld9	DL	110	76	
4ld9	DL	113	2	
4ld9	DL	114	5	
4ld9	DL	120	1	
4r8p	DL	102	36	
4r8p	DL	103	23	
4r8p	DL	106	15	
5kgf	DL	93	2	
5kgf	DL	96	9	
5kgf	DL	100	23	
5kgf	DL	106	1	
5kgf	DL	107	18	
5kgf	DL	110	56	
5kgf	DL	113	19	
5kgf	DL	114	6	
5kgf	DL	116	10	
5kgf	DL	117	13	
5kgf	DL	120	1	
5kgf	DM	117	20	
5kgf	DM	120	3	
5kgf	DM	121	7	
5kgf	DM	124	24	
5kgf	DM	125	4	
5kgf	DM	126	2	
5mlu	DM	12	1	
5mlu	DM	13	17	
5mlu	DM	16	26	
5mlu	DM	17	3	
5mlu	DM	74	5	
5mlu	DM	75	16	
5mlu	DM	78	55	
5mlu	DM	81	4	
5mlu	DM	82	33	
5mlu	DM	85	5	
4zux	DU	107	25	
4zux	DU	108	1	
4zux	DU	110	19	
4zux	DU	111	14	
4zux	DU	113	17	
4zux	DU	114	21	
4zux	DU	116	12	
4zux	DU	117	43	
4zux	DU	118	15	
4zux	DU	120	4	
4zux	DU	121	7	
4zux	DW	44	1	
4zux	DW	45	62	
4zux	DW	46	7	
4zux	DW	47	21	
4zux	DW	48	14	
4zux	DW	107	2	
4zux	DW	111	18	
4zux	DW	114	5	
4zux	DX	117	1	
4zux	DX	118	6	
6etx	EA	263	3	
6etx	EA	264	3	
6fml	EA	29	1	
6fml	EA	30	1	
6fml	EA	31	1	
6fml	EA	45	6	
6fml	EA	48	14	
6fml	EA	49	21	
6fml	EA	51	5	
6fml	EA	52	28	
6fml	EA	53	2	
6fml	EA	55	22	
6fml	EA	56	8	
6fml	EA	60	5	
6fml	EA	61	12	
6fml	EA	62	11	
6fml	EA	63	29	
6fml	EA	65	35	
6fml	EA	70	1	
6fml	EA	71	7	
6fml	EA	72	12	
6fml	EA	73	21	
6fml	EA	74	5	
6fml	EA	75	7	
6fml	EA	104	1	
6fml	EA	105	5	
6fml	EA	106	15	
6fml	EA	107	11	
6fml	EA	108	39	
6fml	EA	110	10	
6fml	EA	132	5	
6fml	EA	172	6	
6fml	EA	232	11	
6fml	EA	249	7	
6fml	EA	251	1	
6fml	EA	258	8	
6fml	EA	268	3	
6fml	EA	269	1	
6fml	EA	270	25	
6fml	EA	271	47	
6fml	EA	272	7	
6fml	EA	273	20	
6fml	EA	274	1	
6fml	EA	275	29	
6fml	EA	276	21	
6fml	EA	281	9	
6fml	EA	284	6	
6fml	EA	285	6	
6fml	EA	288	5	
6fml	EA	289	3	
6fml	EA	290	9	
6fml	EA	295	8	
6fml	EA	297	2	
6fml	EA	310	16	
6fml	EA	311	41	
6fml	EA	314	28	
6fml	EA	315	19	
6fml	EA	317	3	
6fml	EA	318	27	
6fml	EA	321	32	
6fml	EA	322	3	
6fml	EA	323	25	
6fml	EA	324	14	
6fml	EA	333	16	
6fml	EA	334	40	
6fml	EA	335	34	
6fml	EA	336	22	
6fml	EA	337	7	
6fml	EA	338	2	
6fml	EA	344	14	
6fml	EA	345	2	
6fml	EA	346	1	
6fml	EA	348	5	
6fml	EA	349	10	
6fml	EA	354	17	
6fml	EA	356	7	
6fml	EA	357	26	
6fml	EA	358	30	
6fml	EA	359	2	
6fml	EA	360	44	
6fml	EA	361	54	
6fml	EA	362	8	
6fml	EA	363	25	
6fml	EA	364	4	
6fml	EA	365	8	
6fml	EA	366	8	
6fml	EA	367	2	
6fml	EA	369	1	
6fml	EA	400	17	
6fml	EA	401	2	
6fml	EA	402	11	
6fml	EA	403	11	
6fml	EB	14	8	
6fml	EB	15	60	
6fml	EB	16	29	
6fml	EB	17	20	
6fml	EB	18	12	
6fml	EB	19	10	
6fml	EB	20	1	
6fml	EB	73	5	
6fml	EB	78	10	
6fml	EB	98	15	
6fml	EB	100	40	
6fml	EB	101	23	
6fml	EB	103	17	
6fml	EB	104	17	
6fml	EB	105	30	
6fml	EB	106	28	
6fml	EB	119	22	
6fml	EB	187	1	
6fml	EB	214	30	
6fml	EB	215	49	
6fml	EB	216	66	
6fml	EB	217	17	
6fml	EB	218	24	
6fml	EB	219	24	
6fml	EB	220	3	
6fml	EB	242	7	
6fml	EB	243	2	
6fml	EB	246	7	
6fml	EB	252	9	
6fml	EB	253	1	
6fml	EB	256	13	
6fml	EB	257	17	
6fml	EB	258	1	
6fml	EB	259	19	
6fml	EB	260	16	
6fml	EB	261	3	
6fml	EB	262	23	
6fml	EB	263	10	
6fml	EB	266	19	
6fml	EB	267	5	
6fml	EB	269	17	
6fml	EB	303	19	
6fml	EB	304	44	
6fml	EB	306	3	
6fml	EB	307	21	
6fml	EB	333	2	
6fml	EB	334	7	
6fml	EB	340	4	
6fml	EB	379	4	
6fml	EB	383	10	
6fml	EB	403	5	
6fml	EB	405	75	
6fml	EB	406	5	
6fml	EB	408	4	
6fml	EB	409	43	
6fml	EB	412	10	
6fml	EB	413	11	
6fml	EB	416	23	
6fml	EB	417	6	
6fml	EB	419	8	
6fml	EB	420	20	
6fml	EB	421	1	
6fml	EB	433	7	
6fml	EB	436	6	
6fml	EB	437	35	
6fml	EB	438	38	
6fml	EB	439	38	
6fml	EB	440	10	
6fml	EB	441	16	
6fml	EB	444	27	
6fml	EB	445	3	
6fml	EB	447	2	
6fml	EB	448	35	
6fml	EB	449	1	
6fml	EB	457	18	
6fml	EB	458	16	
6fml	EB	459	10	
6fml	EB	460	54	
6fml	EB	461	36	
6fml	EB	462	26	
6etx	EC	260	7	
6etx	EC	263	12	
6etx	EC	264	4	
6etx	EC	265	1	
6etx	ED	16	3	
6etx	ED	17	12	
6etx	ED	18	42	
6etx	ED	19	37	
6etx	ED	20	10	
6etx	ED	21	65	
6etx	ED	22	35	
6etx	ED	23	1	
6etx	ED	24	6	
6etx	ED	25	15	
6etx	ED	26	2	
6etx	ED	102	9	
6etx	ED	104	4	
6etx	ED	106	31	
6etx	ED	107	39	
6etx	ED	109	20	
6etx	ED	110	17	
6etx	ED	111	11	
6etx	ED	112	13	
6etx	ED	113	6	
6etx	ED	148	3	
6etx	ED	186	11	
6etx	ED	216	8	
6etx	ED	217	23	
6etx	ED	218	10	
6etx	ED	219	5	
6etx	ED	220	12	
6etx	ED	221	7	
6etx	ED	246	7	
6etx	ED	258	10	
6etx	ED	260	9	
6etx	ED	261	60	
6etx	ED	262	27	
6etx	ED	263	20	
6etx	ED	264	7	
6etx	ED	265	1	
6etx	ED	300	32	
6etx	ED	303	21	
6etx	ED	329	7	
6etx	ED	330	14	
6etx	ED	334	2	
6etx	ED	336	15	
6etx	ED	378	7	
6etx	ED	398	7	
6etx	ED	400	46	
6etx	ED	403	1	
6etx	ED	404	25	
6etx	ED	407	18	
6etx	ED	411	13	
6etx	ED	412	2	
6etx	ED	414	6	
6etx	ED	415	25	
6etx	ED	428	13	
6etx	ED	432	18	
6etx	ED	433	35	
6etx	ED	434	15	
6etx	ED	435	2	
6etx	ED	436	28	
6etx	ED	439	24	
6etx	ED	440	9	
6etx	ED	442	25	
6etx	ED	443	43	
6etx	ED	446	7	
6etx	ED	447	10	
6etx	ED	449	2	
6etx	ED	450	51	
6etx	ED	451	34	
6etx	ED	452	33	
6etx	ED	453	13	
6fml	ED	339	32	
6fml	ED	340	1	
6fml	ED	347	19	
6fml	ED	348	6	
6fml	ED	351	9	
4ld9	EK	74	3	
4ld9	EK	77	5	
4ld9	EK	78	23	
4ld9	EK	79	12	
4ld9	EK	80	21	
4ld9	EK	81	16	
3tu4	EL	73	3	
3tu4	EL	76	8	
3tu4	EL	77	38	
3tu4	EL	78	17	
3tu4	EL	79	36	
3tu4	EL	80	44	
4jjn	EL	73	4	
4jjn	EL	76	8	
4jjn	EL	77	35	
4jjn	EL	78	19	
4jjn	EL	79	29	
4jjn	EL	80	50	
4kud	EL	74	3	
4kud	EL	77	6	
4kud	EL	78	24	
4kud	EL	79	15	
4kud	EL	80	14	
4kud	EL	81	35	
4r8p	EM	76	17	
4r8p	EM	77	30	
4r8p	EM	78	13	
4r8p	EM	79	5	
4r8p	EM	80	7	
5mlu	EM	71	10	
5mlu	EM	75	2	
6etx	FA	29	1	
6etx	FA	31	1	
6etx	FA	44	1	
6etx	FA	47	19	
6etx	FA	48	6	
6etx	FA	51	10	
6etx	FA	52	3	
6etx	FA	54	13	
6etx	FA	55	9	
6etx	FA	58	1	
6etx	FA	59	2	
6etx	FA	60	21	
6etx	FA	61	31	
6etx	FA	62	25	
6etx	FA	64	23	
6etx	FA	65	1	
6etx	FA	69	1	
6etx	FA	70	11	
6etx	FA	71	21	
6etx	FA	72	7	
6etx	FA	103	3	
6etx	FA	104	6	
6etx	FA	105	6	
6etx	FA	106	2	
6etx	FA	107	33	
6etx	FA	109	18	
6etx	FA	120	6	
6etx	FA	131	2	
6etx	FA	151	4	
6etx	FA	153	1	
6etx	FA	154	7	
6etx	FA	155	7	
6etx	FA	156	1	
6etx	FA	169	2	
6etx	FA	170	22	
6etx	FA	171	26	
6etx	FA	172	17	
6etx	FA	173	38	
6etx	FA	174	8	
6etx	FA	175	4	
6etx	FA	176	11	
6etx	FA	178	3	
6etx	FA	179	1	
6etx	FA	193	1	
6etx	FA	195	6	
6etx	FA	197	7	
6etx	FA	198	23	
6etx	FA	199	2	
6etx	FA	240	1	
6etx	FA	247	1	
6etx	FA	248	20	
6etx	FA	249	9	
6etx	FA	250	12	
6etx	FA	254	5	
6etx	FA	267	8	
6etx	FA	268	3	
6etx	FA	269	32	
6etx	FA	270	47	
6etx	FA	271	4	
6etx	FA	272	18	
6etx	FA	273	4	
6etx	FA	274	25	
6etx	FA	275	18	
6etx	FA	278	1	
6etx	FA	280	11	
6etx	FA	283	3	
6etx	FA	284	25	
6etx	FA	286	2	
6etx	FA	287	19	
6etx	FA	288	15	
6etx	FA	294	25	
6etx	FA	296	11	
6etx	FA	309	14	
6etx	FA	310	53	
6etx	FA	311	1	
6etx	FA	313	20	
6etx	FA	314	7	
6etx	FA	316	8	
6etx	FA	317	5	
6etx	FA	320	31	
6etx	FA	322	25	
6etx	FA	323	17	
6etx	FA	324	6	
6etx	FA	325	4	
6etx	FA	332	9	
6etx	FA	333	40	
6etx	FA	334	24	
6etx	FA	335	32	
6etx	FA	336	9	
6etx	FA	341	3	
6etx	FA	347	19	
6etx	FA	348	34	
6etx	FA	351	1	
6etx	FA	352	5	
6etx	FA	353	14	
6etx	FA	355	12	
6etx	FA	356	24	
6etx	FA	357	24	
6etx	FA	358	5	
6etx	FA	359	39	
6etx	FA	360	37	
6etx	FA	361	4	
6etx	FA	362	36	
6etx	FA	364	4	
6fml	FA	148	6	
6fml	FA	150	1	
6etx	FB	335	3	
6etx	FB	340	38	
6etx	FB	347	2	
6etx	FB	348	11	
6etx	FB	349	6	
6fml	FB	29	3	
6fml	FB	30	2	
6fml	FB	31	3	
6fml	FB	32	1	
6fml	FB	45	4	
6fml	FB	48	21	
6fml	FB	49	19	
6fml	FB	52	24	
6fml	FB	53	2	
6fml	FB	55	29	
6fml	FB	56	13	
6fml	FB	59	1	
6fml	FB	60	2	
6fml	FB	61	8	
6fml	FB	62	13	
6fml	FB	63	30	
6fml	FB	65	25	
6fml	FB	70	2	
6fml	FB	71	7	
6fml	FB	72	11	
6fml	FB	73	23	
6fml	FB	74	3	
6fml	FB	75	5	
6fml	FB	104	2	
6fml	FB	105	5	
6fml	FB	106	4	
6fml	FB	107	9	
6fml	FB	108	39	
6fml	FB	110	20	
6fml	FB	132	3	
6fml	FB	156	1	
6fml	FB	157	9	
6fml	FB	171	10	
6fml	FB	172	35	
6fml	FB	173	17	
6fml	FB	174	60	
6fml	FB	175	12	
6fml	FB	176	7	
6fml	FB	177	21	
6fml	FB	179	12	
6fml	FB	194	1	
6fml	FB	195	1	
6fml	FB	196	22	
6fml	FB	197	2	
6fml	FB	198	10	
6fml	FB	199	12	
6fml	FB	241	1	
6fml	FB	249	6	
6fml	FB	250	6	
6fml	FB	268	2	
6fml	FB	270	20	
6fml	FB	271	53	
6fml	FB	272	10	
6fml	FB	273	23	
6fml	FB	274	1	
6fml	FB	275	29	
6fml	FB	276	25	
6fml	FB	279	7	
6fml	FB	280	1	
6fml	FB	281	11	
6fml	FB	284	8	
6fml	FB	285	22	
6fml	FB	287	8	
6fml	FB	288	3	
6fml	FB	295	11	
6fml	FB	297	2	
6fml	FB	310	18	
6fml	FB	311	45	
6fml	FB	312	1	
6fml	FB	314	26	
6fml	FB	315	11	
6fml	FB	317	3	
6fml	FB	318	19	
6fml	FB	321	29	
6fml	FB	322	4	
6fml	FB	323	43	
6fml	FB	324	14	
6fml	FB	333	24	
6fml	FB	334	50	
6fml	FB	335	29	
6fml	FB	336	18	
6fml	FB	337	10	
6fml	FB	338	2	
6fml	FB	341	3	
6fml	FB	342	1	
6fml	FB	344	14	
6fml	FB	345	3	
6fml	FB	346	1	
6fml	FB	348	5	
6fml	FB	349	16	
6fml	FB	352	1	
6fml	FB	354	18	
6fml	FB	356	8	
6fml	FB	357	40	
6fml	FB	358	24	
6fml	FB	359	3	
6fml	FB	360	33	
6fml	FB	361	46	
6fml	FB	362	7	
6fml	FB	363	26	
6fml	FB	364	3	
6fml	FB	365	10	
6fml	FB	366	15	
6fml	FB	367	1	
6fml	FB	369	1	
6fml	FB	400	20	
6fml	FB	401	5	
6fml	FB	402	14	
6fml	FB	403	9	
6fml	FB	442	6	
6fml	FC	4	41	
6fml	FC	5	20	
6fml	FC	6	47	
6fml	FC	7	14	
6fml	FC	8	38	
6fml	FC	10	3	
6fml	FC	12	20	
6fml	FC	13	9	
6fml	FC	14	6	
6fml	FC	15	89	
6fml	FC	16	35	
6fml	FC	17	19	
6fml	FC	18	10	
6fml	FC	19	17	
6fml	FC	20	1	
6fml	FC	73	2	
6fml	FC	78	4	
6fml	FC	82	4	
6fml	FC	96	5	
6fml	FC	98	14	
6fml	FC	100	36	
6fml	FC	101	17	
6fml	FC	103	21	
6fml	FC	104	7	
6fml	FC	105	24	
6fml	FC	106	17	
6fml	FC	119	18	
6fml	FC	203	3	
6fml	FC	214	21	
6fml	FC	215	34	
6fml	FC	216	49	
6fml	FC	217	103	
6fml	FC	218	23	
6fml	FC	219	28	
6fml	FC	220	1	
6fml	FC	240	1	
6fml	FC	242	8	
6fml	FC	243	7	
6fml	FC	246	5	
6fml	FC	250	5	
6fml	FC	263	24	
6fml	FC	264	19	
6fml	FC	265	13	
6fml	FC	266	39	
6fml	FC	267	10	
6fml	FC	269	13	
6fml	FC	301	4	
6fml	FC	303	8	
6fml	FC	304	12	
6fml	FC	307	16	
6fml	FC	333	1	
6fml	FC	334	2	
6fml	FC	340	4	
6fml	FC	379	5	
6fml	FC	383	9	
6fml	FC	403	4	
6fml	FC	405	34	
6fml	FC	406	3	
6fml	FC	408	4	
6fml	FC	409	39	
6fml	FC	412	10	
6fml	FC	413	8	
6fml	FC	416	23	
6fml	FC	417	6	
6fml	FC	419	9	
6fml	FC	420	21	
6fml	FC	433	7	
6fml	FC	436	5	
6fml	FC	437	46	
6fml	FC	438	44	
6fml	FC	439	36	
6fml	FC	440	6	
6fml	FC	441	12	
6fml	FC	444	27	
6fml	FC	445	4	
6fml	FC	447	8	
6fml	FC	448	37	
6fml	FC	449	1	
6fml	FC	457	17	
6fml	FC	458	15	
6fml	FC	459	14	
6fml	FC	460	57	
6fml	FC	461	41	
6fml	FC	462	24	
6etx	FD	451	38	
6etx	FD	452	59	
6fml	FD	450	6	
6fml	FD	452	10	
6fml	FD	453	4	
6fml	FD	454	4	
6fml	FD	455	4	
6fml	FD	457	9	
6etx	FE	12	14	
6etx	FE	13	22	
6etx	FE	14	62	
6etx	FE	15	41	
6etx	FE	16	9	
6etx	FE	17	1	
6etx	FE	18	16	
6etx	FE	72	5	
6etx	FE	77	9	
6etx	FE	97	25	
6etx	FE	99	41	
6etx	FE	100	32	
6etx	FE	102	26	
6etx	FE	103	15	
6etx	FE	104	30	
6etx	FE	105	6	
6etx	FE	106	5	
6etx	FE	118	38	
6etx	FE	184	11	
6etx	FE	186	6	
6etx	FE	202	3	
6etx	FE	213	6	
6etx	FE	214	24	
6etx	FE	215	52	
6etx	FE	216	35	
6etx	FE	217	33	
6etx	FE	218	11	
6etx	FE	219	5	
6etx	FE	220	1	
6etx	FE	241	11	
6etx	FE	242	10	
6etx	FE	245	3	
6etx	FE	262	9	
6etx	FE	263	7	
6etx	FE	264	8	
6etx	FE	265	52	
6etx	FE	266	17	
6etx	FE	268	34	
6etx	FE	302	2	
6etx	FE	303	30	
6etx	FE	306	27	
6etx	FE	332	6	
6etx	FE	333	9	
6etx	FE	336	3	
6etx	FE	337	4	
6etx	FE	339	9	
6etx	FE	382	7	
6etx	FE	402	1	
6etx	FE	404	37	
6etx	FE	405	5	
6etx	FE	408	32	
6etx	FE	409	1	
6etx	FE	411	14	
6etx	FE	412	5	
6etx	FE	415	11	
6etx	FE	418	2	
6etx	FE	419	9	
6etx	FE	432	7	
6etx	FE	436	14	
6etx	FE	437	37	
6etx	FE	438	39	
6etx	FE	439	2	
6etx	FE	440	18	
6etx	FE	443	16	
6etx	FE	444	4	
6etx	FE	446	1	
6etx	FE	447	32	
6etx	FE	450	13	
6etx	FE	451	10	
6etx	FE	453	9	
6etx	FE	454	66	
6fml	FE	339	36	
6fml	FE	347	14	
6fml	FE	348	6	
6fml	FE	351	12	
4ld9	FK	19	10	
4ld9	FK	20	1	
4ld9	FK	22	4	
4ld9	FK	23	5	
4ld9	FK	24	48	
4ld9	FK	25	10	
4ld9	FK	60	5	
4ld9	FK	64	6	
4ld9	FK	72	2	
4ld9	FK	75	35	
4ld9	FK	76	3	
4ld9	FK	78	5	
5gse	FK	27	2	
5kgf	FK	75	14	
3tu4	FL	13	26	
3tu4	FL	14	14	
3tu4	FL	15	12	
3tu4	FL	16	44	
3tu4	FL	18	62	
3tu4	FL	19	12	
3tu4	FL	20	30	
3tu4	FL	21	28	
3tu4	FL	22	5	
3tu4	FL	23	56	
3tu4	FL	71	1	
3tu4	FL	74	19	
3tu4	FL	75	9	
3tu4	FL	77	11	
4jjn	FL	12	25	
4jjn	FL	13	18	
4jjn	FL	14	15	
4jjn	FL	15	8	
4jjn	FL	16	48	
4jjn	FL	17	10	
4jjn	FL	18	59	
4jjn	FL	19	22	
4jjn	FL	20	25	
4jjn	FL	21	39	
4jjn	FL	22	5	
4jjn	FL	23	72	
4jjn	FL	24	1	
4jjn	FL	71	1	
4jjn	FL	74	33	
4jjn	FL	75	9	
4jjn	FL	77	8	
4kud	FL	14	18	
4kud	FL	15	21	
4kud	FL	16	8	
4kud	FL	17	39	
4kud	FL	18	3	
4kud	FL	19	61	
4kud	FL	20	16	
4kud	FL	21	27	
4kud	FL	22	41	
4kud	FL	23	5	
4kud	FL	24	46	
4kud	FL	25	1	
4kud	FL	72	4	
4kud	FL	75	24	
4kud	FL	76	8	
4kud	FL	78	3	
4r8p	FM	21	7	
6etx	GA	122	1	
6etx	GA	124	24	
6etx	GA	126	21	
6etx	GA	183	5	
6etx	GA	184	21	
6etx	GA	194	4	
6etx	GA	196	12	
6etx	GA	197	29	
6etx	GA	199	8	
6etx	GA	201	14	
6etx	GA	202	13	
6etx	GA	203	6	
6etx	GA	217	22	
6etx	GA	218	24	
6etx	GA	219	39	
6etx	GA	236	24	
6etx	GA	237	8	
6etx	GA	238	16	
6etx	GA	242	14	
6etx	GA	243	29	
6etx	GA	246	2	
6etx	GA	247	36	
6etx	GA	249	2	
6etx	GA	250	16	
6etx	GA	251	36	
6etx	GA	252	2	
6etx	GA	253	16	
6etx	GA	254	29	
6etx	GA	255	1	
6etx	GA	256	13	
6etx	GA	257	39	
6etx	GA	258	8	
6etx	GA	259	8	
6etx	GA	260	34	
6etx	GA	262	1	
6etx	GA	274	18	
6etx	GA	275	3	
6etx	GA	278	28	
6etx	GA	279	9	
6etx	GA	281	11	
6etx	GA	282	19	
6etx	GA	285	11	
6etx	GA	286	29	
6etx	GA	291	3	
6fml	GA	125	8	
6fml	GA	127	19	
6fml	GA	128	11	
6fml	GA	129	13	
6fml	GA	130	14	
6fml	GA	132	17	
6fml	GA	141	2	
6fml	GA	143	11	
6fml	GA	150	5	
6fml	GA	151	42	
6fml	GA	152	6	
6fml	GA	153	38	
6fml	GA	154	6	
6fml	GA	155	16	
6fml	GA	168	2	
6fml	GA	169	18	
6fml	GA	170	24	
6fml	GA	171	18	
6fml	GA	172	42	
6fml	GA	173	7	
6fml	GA	174	30	
6fml	GA	175	9	
6fml	GA	176	17	
6fml	GA	177	10	
6fml	GA	179	64	
6fml	GA	182	18	
6fml	GA	183	20	
6fml	GA	184	15	
6fml	GA	185	2	
6fml	GA	193	34	
6fml	GA	194	3	
6fml	GA	195	6	
6fml	GA	196	14	
6fml	GA	197	56	
6fml	GA	198	28	
6fml	GA	199	1	
6fml	GA	200	4	
6fml	GA	201	2	
6fml	GA	202	41	
6fml	GA	204	6	
6fml	GA	208	7	
6fml	GA	211	1	
6fml	GA	212	7	
6fml	GA	213	30	
6fml	GA	220	25	
6fml	GA	221	27	
6fml	GA	222	1	
6fml	GA	223	21	
6fml	GA	230	26	
6fml	GA	231	3	
6fml	GA	232	8	
6fml	GA	233	13	
6fml	GA	235	2	
6fml	GA	237	19	
6fml	GA	238	7	
6fml	GA	239	16	
6fml	GA	243	26	
6fml	GA	244	13	
6fml	GA	247	28	
6fml	GA	248	23	
6fml	GA	251	20	
6fml	GA	252	12	
6fml	GA	253	26	
6fml	GA	254	10	
6fml	GA	255	17	
6fml	GA	256	35	
6fml	GA	257	25	
6fml	GA	258	12	
6fml	GA	259	3	
6fml	GA	260	11	
6fml	GA	261	7	
6fml	GA	263	15	
6fml	GA	264	8	
6fml	GA	275	5	
6fml	GA	276	3	
6fml	GA	279	18	
6fml	GA	280	1	
6fml	GA	283	11	
6fml	GA	286	6	
6fml	GA	287	18	
4zux	Gb	23	4	
4zux	Gb	25	19	
4zux	Gb	57	7	
4zux	Gb	58	26	
4zux	Gb	61	8	
4zux	Gb	62	30	
4zux	Gb	65	20	
4zux	Gb	68	5	
4zux	Gb	69	17	
4zux	Gb	72	27	
6etx	GB	131	11	
6etx	GB	133	41	
6etx	GB	135	6	
6etx	GB	177	23	
6etx	GB	180	12	
6etx	GB	181	3	
6etx	GB	196	12	
6etx	GB	198	23	
6etx	GB	199	70	
6etx	GB	200	5	
6etx	GB	201	23	
6etx	GB	238	1	
6etx	GB	240	28	
6etx	GB	242	9	
6etx	GB	246	12	
6etx	GB	247	5	
6etx	GB	250	8	
6etx	GB	251	42	
6etx	GB	255	3	
6etx	GB	257	47	
6etx	GB	258	6	
6etx	GB	261	12	
6etx	GB	271	1	
6etx	GB	272	7	
6etx	GB	275	23	
6etx	GB	276	2	
6etx	GB	279	28	
6etx	GB	283	46	
6etx	GB	288	10	
6fml	GB	123	3	
6fml	GB	125	13	
6fml	GB	127	25	
6fml	GB	129	15	
6fml	GB	133	2	
6fml	GB	183	1	
6fml	GB	184	3	
6fml	GB	185	14	
6fml	GB	193	49	
6fml	GB	195	1	
6fml	GB	197	8	
6fml	GB	198	40	
6fml	GB	200	7	
6fml	GB	201	2	
6fml	GB	202	25	
6fml	GB	203	5	
6fml	GB	218	7	
6fml	GB	219	7	
6fml	GB	220	16	
6fml	GB	233	6	
6fml	GB	235	5	
6fml	GB	237	37	
6fml	GB	238	5	
6fml	GB	239	10	
6fml	GB	243	19	
6fml	GB	244	14	
6fml	GB	247	12	
6fml	GB	248	52	
6fml	GB	251	17	
6fml	GB	252	1	
6fml	GB	253	6	
6fml	GB	255	35	
6fml	GB	256	17	
6fml	GB	257	30	
6fml	GB	258	32	
6fml	GB	260	5	
6fml	GB	275	27	
6fml	GB	276	2	
6fml	GB	278	5	
6fml	GB	279	57	
6fml	GB	280	7	
6fml	GB	282	17	
6fml	GB	283	20	
6fml	GB	284	1	
6fml	GB	286	11	
6fml	GB	287	45	
6fml	GB	292	1	
6fml	GB	293	1	
6etx	GC	124	12	
6etx	GC	126	15	
6etx	GC	128	19	
6etx	GC	178	8	
6etx	GC	181	27	
6etx	GC	182	52	
6etx	GC	183	23	
6etx	GC	184	34	
6etx	GC	192	17	
6etx	GC	194	9	
6etx	GC	196	4	
6etx	GC	197	33	
6etx	GC	199	6	
6etx	GC	200	10	
6etx	GC	201	54	
6etx	GC	203	5	
6etx	GC	230	2	
6etx	GC	232	9	
6etx	GC	234	3	
6etx	GC	236	46	
6etx	GC	238	8	
6etx	GC	242	23	
6etx	GC	243	9	
6etx	GC	246	18	
6etx	GC	247	8	
6etx	GC	250	11	
6etx	GC	251	3	
6etx	GC	252	20	
6etx	GC	253	3	
6etx	GC	255	2	
6etx	GC	256	13	
6etx	GC	258	2	
6etx	GC	259	6	
6etx	GC	260	1	
6etx	GC	262	13	
6etx	GC	263	6	
6etx	GC	274	2	
6etx	GC	275	1	
6etx	GC	278	7	
6etx	GC	282	1	
6etx	GC	286	2	
6fml	GC	4	12	
6fml	GC	5	4	
6fml	GC	123	1	
6fml	GC	125	1	
6fml	GC	127	42	
6fml	GC	128	22	
6fml	GC	129	28	
6fml	GC	130	5	
6fml	GC	131	3	
6fml	GC	133	17	
6fml	GC	183	3	
6fml	GC	184	22	
6fml	GC	185	18	
6fml	GC	191	1	
6fml	GC	192	2	
6fml	GC	193	53	
6fml	GC	195	4	
6fml	GC	197	23	
6fml	GC	202	18	
6fml	GC	203	3	
6fml	GC	204	19	
6fml	GC	220	26	
6fml	GC	221	2	
6fml	GC	222	26	
6fml	GC	223	39	
6fml	GC	224	6	
6fml	GC	225	14	
6fml	GC	226	26	
6fml	GC	227	6	
6fml	GC	228	3	
6fml	GC	231	30	
6fml	GC	233	14	
6fml	GC	235	3	
6fml	GC	237	20	
6fml	GC	239	6	
6fml	GC	243	3	
6fml	GC	244	16	
6fml	GC	247	12	
6fml	GC	248	59	
6fml	GC	252	12	
6fml	GC	254	1	
6fml	GC	255	27	
6fml	GC	256	25	
6fml	GC	257	35	
6fml	GC	258	2	
6fml	GC	260	27	
6fml	GC	261	24	
6fml	GC	263	1	
6fml	GC	264	33	
6fml	GC	265	5	
6fml	GC	275	8	
6fml	GC	276	4	
6fml	GC	279	26	
6fml	GC	280	2	
6fml	GC	283	7	
6fml	GC	284	2	
6fml	GC	287	35	
6fml	GC	292	7	
6etx	GD	131	8	
6etx	GD	132	1	
6etx	GD	133	8	
6etx	GD	149	50	
6etx	GD	150	1	
6etx	GD	157	7	
6etx	GD	183	22	
6etx	GD	201	9	
6etx	GD	203	2	
6etx	GD	231	5	
6etx	GD	234	19	
6etx	GD	235	16	
6etx	GD	236	27	
6etx	GD	237	6	
6etx	GD	238	13	
6etx	GD	239	1	
6etx	GD	240	28	
6etx	GD	247	7	
6etx	GD	250	7	
6etx	GD	251	32	
6etx	GD	254	2	
6etx	GD	255	26	
6etx	GD	257	27	
6etx	GD	258	19	
6etx	GD	261	17	
6etx	GD	275	25	
6etx	GD	276	2	
6etx	GD	279	7	
6etx	GD	283	17	
6etx	GD	286	8	
6etx	GD	288	8	
6fml	GD	131	5	
6fml	GD	133	14	
6fml	GD	134	10	
6fml	GD	135	2	
6fml	GD	151	8	
6fml	GD	152	8	
6fml	GD	153	2	
6fml	GD	176	9	
6fml	GD	195	1	
6fml	GD	197	10	
6fml	GD	198	21	
6fml	GD	199	1	
6fml	GD	200	22	
6fml	GD	219	1	
6fml	GD	234	7	
6fml	GD	239	35	
6fml	GD	240	3	
6fml	GD	241	11	
6fml	GD	245	11	
6fml	GD	246	3	
6fml	GD	249	18	
6fml	GD	250	53	
6fml	GD	252	2	
6fml	GD	253	4	
6fml	GD	254	18	
6fml	GD	256	54	
6fml	GD	257	9	
6fml	GD	259	3	
6fml	GD	260	32	
6fml	GD	271	4	
6fml	GD	274	34	
6fml	GD	275	5	
6fml	GD	278	15	
6fml	GD	281	1	
6fml	GD	282	24	
6fml	GD	284	42	
6fml	GD	285	17	
6fml	GD	287	14	
6etx	GE	124	8	
6etx	GE	126	24	
6etx	GE	128	13	
6etx	GE	130	8	
6etx	GE	132	6	
6etx	GE	175	9	
6etx	GE	178	58	
6etx	GE	182	31	
6etx	GE	192	43	
6etx	GE	194	19	
6etx	GE	197	3	
6etx	GE	201	6	
6etx	GE	202	9	
6etx	GE	203	18	
6etx	GE	219	1	
6etx	GE	221	1	
6etx	GE	225	12	
6etx	GE	230	5	
6etx	GE	232	4	
6etx	GE	236	24	
6etx	GE	237	6	
6etx	GE	238	16	
6etx	GE	242	8	
6etx	GE	243	15	
6etx	GE	246	13	
6etx	GE	247	37	
6etx	GE	248	1	
6etx	GE	250	6	
6etx	GE	251	62	
6etx	GE	252	10	
6etx	GE	253	4	
6etx	GE	254	21	
6etx	GE	255	28	
6etx	GE	256	48	
6etx	GE	257	16	
6etx	GE	259	48	
6etx	GE	260	6	
6etx	GE	262	15	
6etx	GE	263	19	
6etx	GE	274	1	
6etx	GE	275	3	
6etx	GE	278	24	
6etx	GE	281	13	
6etx	GE	282	6	
6etx	GE	285	17	
6etx	GE	286	35	
6etx	GE	291	2	
6fml	GE	131	11	
6fml	GE	133	20	
6fml	GE	134	6	
6fml	GE	135	11	
6fml	GE	149	5	
6fml	GE	176	16	
6fml	GE	182	6	
6fml	GE	183	28	
6fml	GE	184	20	
6fml	GE	185	52	
6fml	GE	187	15	
6fml	GE	195	8	
6fml	GE	197	26	
6fml	GE	198	31	
6fml	GE	200	9	
6fml	GE	201	1	
6fml	GE	202	1	
6fml	GE	203	3	
6fml	GE	206	8	
6fml	GE	213	19	
6fml	GE	214	11	
6fml	GE	215	34	
6fml	GE	216	43	
6fml	GE	217	9	
6fml	GE	239	50	
6fml	GE	241	7	
6fml	GE	245	17	
6fml	GE	246	7	
6fml	GE	249	15	
6fml	GE	250	39	
6fml	GE	252	2	
6fml	GE	253	8	
6fml	GE	254	17	
6fml	GE	256	45	
6fml	GE	257	4	
6fml	GE	259	7	
6fml	GE	260	29	
6fml	GE	271	5	
6fml	GE	274	20	
6fml	GE	275	3	
6fml	GE	278	29	
6fml	GE	282	38	
6fml	GE	287	6	
6etx	GF	97	44	
6etx	GF	130	7	
6etx	GF	131	21	
6etx	GF	132	18	
6etx	GF	133	46	
6etx	GF	134	45	
6etx	GF	135	13	
6etx	GF	136	1	
6etx	GF	137	17	
6etx	GF	139	7	
6etx	GF	194	7	
6etx	GF	196	8	
6etx	GF	199	4	
6etx	GF	201	25	
6etx	GF	202	3	
6etx	GF	203	18	
6etx	GF	204	6	
6etx	GF	205	28	
6etx	GF	220	1	
6etx	GF	221	12	
6etx	GF	222	1	
6etx	GF	223	7	
6etx	GF	225	9	
6etx	GF	226	5	
6etx	GF	236	11	
6etx	GF	237	17	
6etx	GF	238	4	
6etx	GF	239	22	
6etx	GF	240	55	
6etx	GF	241	36	
6etx	GF	242	16	
6etx	GF	243	2	
6etx	GF	246	21	
6etx	GF	247	3	
6etx	GF	250	14	
6etx	GF	251	26	
6etx	GF	254	8	
6etx	GF	255	13	
6etx	GF	257	33	
6etx	GF	258	15	
6etx	GF	260	3	
6etx	GF	261	29	
6etx	GF	271	3	
6etx	GF	272	10	
6etx	GF	275	21	
6etx	GF	276	5	
6etx	GF	279	18	
6etx	GF	283	23	
6etx	GF	286	13	
6etx	GF	288	36	
6fml	GF	96	14	
6fml	GF	97	1	
6fml	GF	131	13	
6fml	GF	133	19	
6fml	GF	135	3	
6fml	GF	139	11	
6fml	GF	150	6	
6fml	GF	156	11	
6fml	GF	183	1	
6fml	GF	184	17	
6fml	GF	195	14	
6fml	GF	197	11	
6fml	GF	198	13	
6fml	GF	200	17	
6fml	GF	201	4	
6fml	GF	202	29	
6fml	GF	203	7	
6fml	GF	204	16	
6fml	GF	219	22	
6fml	GF	220	24	
6fml	GF	222	20	
6fml	GF	224	12	
6fml	GF	235	7	
6fml	GF	237	8	
6fml	GF	238	9	
6fml	GF	239	51	
6fml	GF	240	25	
6fml	GF	241	17	
6fml	GF	245	13	
6fml	GF	246	11	
6fml	GF	249	16	
6fml	GF	250	50	
6fml	GF	253	7	
6fml	GF	254	18	
6fml	GF	256	43	
6fml	GF	257	17	
6fml	GF	259	7	
6fml	GF	260	40	
6fml	GF	271	2	
6fml	GF	274	10	
6fml	GF	275	3	
6fml	GF	278	17	
6fml	GF	282	32	
6fml	GF	285	6	
6fml	GF	287	1	
1zla	GK	23	1	
1zla	GK	24	3	
1zla	GK	53	5	
1zla	GK	56	12	
1zla	GK	57	37	
1zla	GK	60	9	
1zla	GK	61	58	
1zla	GK	64	32	
1zla	GK	65	2	
1zla	GK	68	1	
1zla	GK	90	11	
1zla	GK	92	12	
1zla	GK	93	6	
3mvd	GK	57	18	
3mvd	GK	60	17	
3mvd	GK	61	32	
3mvd	GK	64	32	
3mvd	GK	65	1	
3mvd	GK	71	23	
3mvd	GK	72	4	
3mvd	GK	74	11	
3mvd	GK	75	9	
3mvd	GK	76	13	
3mvd	GK	90	11	
3mvd	GK	92	12	
3mvd	GK	93	2	
4ld9	GK	58	8	
4ld9	GK	62	20	
4ld9	GK	65	1	
4ld9	GK	66	1	
4ld9	GK	91	19	
4ld9	GK	92	1	
4ld9	GK	93	28	
4ld9	GK	94	2	
5e5a	GK	23	1	184
5e5a	GK	24	1	
5e5a	GK	25	2	
5e5a	GK	54	5	
5e5a	GK	57	27	
5e5a	GK	58	31	
5e5a	GK	61	8	
5e5a	GK	62	51	
5e5a	GK	65	23	
5e5a	GK	66	3	
5e5a	GK	91	12	
5e5a	GK	93	13	
5e5a	GK	94	7	
5gtc	GK	27	2	
5gtc	GK	57	5	
5gtc	GK	60	19	
5gtc	GK	61	27	
5gtc	GK	64	7	
5gtc	GK	65	57	
5gtc	GK	68	40	
5gtc	GK	69	3	
5gtc	GK	72	3	
5gtc	GK	94	12	
5gtc	GK	96	13	
5gtc	GK	97	7	
5kgf	GK	58	15	
5kgf	GK	62	36	
5kgf	GK	65	12	
5kgf	GK	66	5	
5kgf	GK	90	12	
5kgf	GK	91	24	
5kgf	GK	92	7	
5kgf	GK	93	37	
5kgf	GK	94	12	
3tu4	GL	57	20	
3tu4	GL	60	5	
3tu4	GL	61	34	
3tu4	GL	64	14	
3tu4	GL	65	1	
3tu4	GL	90	11	
3tu4	GL	92	9	
3tu4	GL	93	3	
4jjn	GL	58	28	
4jjn	GL	61	3	
4jjn	GL	62	38	
4jjn	GL	65	15	
4jjn	GL	66	1	
4jjn	GL	91	15	
4jjn	GL	93	14	
4jjn	GL	94	9	
4kud	GL	58	9	
4kud	GL	59	21	
4kud	GL	62	6	
4kud	GL	63	17	
4kud	GL	67	1	
4kud	GL	92	11	
4kud	GL	94	17	
4kud	GL	95	3	
4r8p	GN	57	4	
4r8p	GN	61	25	
4r8p	GN	64	8	
4r8p	GN	65	7	
4r8p	GN	68	15	
4r8p	GN	69	2	
4r8p	GN	71	3	
4r8p	GN	72	18	
4r8p	GN	89	15	
4r8p	GN	90	21	
4r8p	GN	91	17	
4r8p	GN	92	23	
4r8p	GN	93	4	
5kgf	GO	16	24	
5kgf	GO	20	11	
5kgf	GO	21	3	
5gse	GP	117	3	
5gse	GP	118	4	
5gse	GP	119	1	
5gse	GP	120	9	
5gse	GP	121	11	
6etx	HA	163	4	
6etx	HA	164	17	
6etx	HA	165	15	
6etx	HA	166	25	
6etx	HA	167	31	
6etx	HA	168	2	
4zux	Hb	45	56	
4zux	Hb	46	10	
4zux	Hb	47	22	
4zux	Hb	48	15	
4zux	Hb	49	1	
4zux	Hb	107	2	
4zux	Hb	111	15	
4zux	Hb	114	2	
4zux	Hc	117	1	
4zux	Hc	118	6	
6fml	HC	139	1	
6fml	HC	141	13	
6fml	HC	144	2	
6fml	HC	148	10	
6fml	HC	150	5	
6fml	HC	151	87	
6fml	HC	152	20	
6fml	HC	153	31	
6fml	HC	154	20	
6fml	HC	155	35	
6fml	HC	156	15	
6fml	HC	158	1	
6fml	HC	174	20	
6fml	HC	175	20	
6fml	HC	176	18	
6fml	HC	178	42	
6fml	HC	181	7	
6fml	HC	182	24	
6fml	HD	141	1	
6fml	HD	143	14	
6fml	HD	144	19	
6fml	HD	145	35	
6fml	HD	146	23	
6fml	HD	147	37	
6fml	HD	148	32	
6fml	HD	149	33	
6fml	HD	150	14	
6fml	HD	151	10	
6fml	HD	152	1	
6fml	HD	157	4	
6fml	HD	186	1	
6fml	HD	187	14	
6fml	HD	188	21	
6fml	HD	208	14	
6fml	HD	214	14	
6fml	HG	1508	1	
6fml	HG	1509	3	
6fml	HG	1511	5	
6fml	HG	1512	15	
6fml	HG	1513	32	
6fml	HG	1514	29	
6fml	HG	1515	27	
6fml	HG	1516	20	
6fml	HG	1517	25	
1zla	HK	44	2	
1zla	HK	47	46	
1zla	HK	48	19	
1zla	HK	49	5	
1zla	HK	105	10	
1zla	HK	106	23	
1zla	HK	109	43	
1zla	HK	113	44	
1zla	HK	116	9	
3mvd	HK	44	3	
3mvd	HK	45	20	
3mvd	HK	46	6	
3mvd	HK	48	1	
3mvd	HK	102	13	
3mvd	HK	103	19	
3mvd	HK	106	36	
4ld9	HK	93	3	
4ld9	HK	96	13	
4ld9	HK	97	13	
4ld9	HK	100	12	
4ld9	HK	106	33	
4ld9	HK	107	9	
4ld9	HK	110	53	
4ld9	HK	112	6	
4ld9	HK	113	5	
4ld9	HK	114	14	
4ld9	HK	116	6	
4ld9	HK	117	2	
4ld9	HK	120	1	
5e5a	HK	42	14	
5e5a	HK	44	1	
5e5a	HK	45	83	
5e5a	HK	46	36	
5e5a	HK	47	2	
5e5a	HK	48	13	
5e5a	HK	49	3	
5e5a	HK	103	10	
5e5a	HK	104	18	
5e5a	HK	107	36	
5e5a	HK	111	41	
5e5a	HK	114	5	
5gtc	HK	51	38	
5gtc	HK	52	9	
5gtc	HK	53	6	
5gtc	HK	109	9	
5gtc	HK	110	16	
5gtc	HK	113	44	
5gtc	HK	117	46	
5gtc	HK	120	10	
5hq2	HK	43	1	
5hq2	HK	44	13	
5hq2	HK	45	14	
5hq2	HK	46	1	
5hq2	HK	47	5	
5hq2	HK	48	1	
5kgf	HK	92	1	
5kgf	HK	93	16	
5kgf	HK	96	14	
5kgf	HK	100	27	
5kgf	HK	106	2	
5kgf	HK	107	17	
5kgf	HK	109	1	
5kgf	HK	110	43	
5kgf	HK	113	21	
5kgf	HK	116	12	
5kgf	HK	117	8	
5kgf	HK	120	3	
3tu4	HL	89	25	
3tu4	HL	92	17	
3tu4	HL	93	7	
3tu4	HL	96	10	
3tu4	HL	102	23	
3tu4	HL	103	18	
3tu4	HL	105	1	
3tu4	HL	106	49	
3tu4	HL	108	16	
3tu4	HL	109	17	
3tu4	HL	110	18	
3tu4	HL	112	4	
3tu4	HL	113	17	
4jjn	HL	95	23	
4jjn	HL	98	21	
4jjn	HL	99	6	
4jjn	HL	102	16	
4jjn	HL	108	19	
4jjn	HL	109	16	
4jjn	HL	111	1	
4jjn	HL	112	30	
4jjn	HL	114	19	
4jjn	HL	115	9	
4jjn	HL	116	13	
4jjn	HL	118	6	
4kud	HL	96	16	
4kud	HL	99	18	
4kud	HL	100	9	
4kud	HL	103	40	
4kud	HL	109	30	
4kud	HL	110	18	
4kud	HL	112	9	
4kud	HL	113	78	
4kud	HL	115	3	
4kud	HL	116	25	
4kud	HL	117	21	
4kud	HL	119	11	
4kud	HL	120	38	
4r8p	HM	102	5	
4r8p	HM	105	6	
4r8p	HN	102	44	
4r8p	HN	103	17	
4r8p	HN	106	23	
5gse	HN	109	1	
5kgf	HO	117	15	
5kgf	HO	120	3	
5kgf	HO	121	5	
5kgf	HO	124	15	
4zux	HZ	107	20	
4zux	HZ	110	8	
4zux	HZ	111	11	
4zux	HZ	113	14	
4zux	HZ	114	19	
4zux	HZ	117	35	
4zux	HZ	118	12	
4zux	HZ	120	3	
4zux	HZ	121	18	
6fml	IB	208	7	
6fml	IB	209	9	
6fml	IB	210	12	
6fml	IB	212	24	
6fml	IB	213	7	
6fml	IB	215	10	
6fml	IE	166	20	
6fml	IE	167	45	
6fml	IE	168	49	
6fml	IE	169	15	
6fml	IE	170	31	
6fml	IE	171	23	
6fml	IE	229	1	
6fml	IE	230	2	
6fml	IE	231	1	
6fml	IE	232	4	
6etx	IG	41	5	
6etx	IG	47	1	
6fml	JB	163	4	
6fml	JB	164	4	
6fml	JB	165	12	
6fml	JB	166	27	
6fml	JB	167	32	
6fml	JB	168	49	
6fml	JB	169	1	
6fml	JB	228	1	
6fml	JB	229	1	
6fml	JI	13	9	
6fml	JI	14	2	
6fml	JI	16	2	
6fml	JI	17	11	
6fml	JI	18	6	
6fml	JI	19	14	
6fml	JI	20	43	
6fml	JI	21	31	
6fml	JI	22	41	
6fml	JI	23	23	
6fml	JI	24	2	
6fml	JI	25	2	
6fml	JI	27	9	
6fml	JI	28	20	
6fml	JI	29	59	
6fml	JI	30	42	
6fml	JI	31	18	
6fml	JI	34	50	
6fml	JI	39	3	
6fml	JI	40	38	
6fml	JI	41	55	
6fml	JI	42	18	
6fml	JI	43	10	
6fml	JI	44	19	
6fml	JI	47	22	
6fml	JI	50	13	
6fml	JI	155	15	
6fml	JI	156	30	
6fml	JI	158	42	
6fml	JI	159	25	
6fml	JI	160	19	
6fml	JI	161	25	
6fml	JI	162	29	
6fml	JI	163	2	
6fml	JI	164	3	
6fml	JI	166	18	
6fml	JI	167	16	
6fml	JI	168	2	
6fml	JI	169	41	
6fml	JI	170	7	
6fml	JI	171	8	
6fml	JI	172	5	
6fml	JI	173	28	
6fml	JI	174	24	
6fml	JI	175	24	
6fml	JI	176	15	
6fml	JI	189	1	
6fml	JI	190	7	
6fml	JI	192	12	
6fml	JI	193	8	
6fml	JI	196	15	
6fml	JI	200	14	
6fml	JI	201	15	
6fml	JI	204	17	
6fml	JI	207	11	
6fml	JI	208	25	
6fml	JI	210	12	
6fml	JI	211	13	
6fml	JI	212	19	
6fml	JI	213	2	
5gse	KF	62	2	
5kgf	KO	6	9	
5kgf	KO	8	1	
5kgf	KO	44	8	
5kgf	KO	46	1	
5kgf	KO	47	6	
5kgf	KO	68	18	
4r8p	LK	4	7	
4r8p	LK	5	7	
4r8p	LK	6	34	
4r8p	LK	7	19	
4r8p	LK	8	40	
4r8p	LK	9	37	
4r8p	LK	10	27	
4r8p	LK	11	15	
4r8p	LK	12	13	
4r8p	LK	13	12	
4r8p	LK	14	11	
4r8p	LK	15	1	
4r8p	LK	16	63	
4r8p	LK	17	2	
4r8p	LK	18	2	
4r8p	LK	22	14	
4r8p	LK	23	2	
4r8p	LK	24	13	
4r8p	LK	25	66	
4r8p	LK	27	25	
4r8p	LK	28	1	
4r8p	LK	30	7	
4r8p	LK	31	11	
4r8p	LK	33	32	
4r8p	LK	34	7	
4r8p	LK	36	40	
4r8p	LK	40	7	
4r8p	LK	41	25	
4r8p	LK	42	37	
4r8p	LK	43	1	
4r8p	LK	45	15	
4r8p	LK	46	5	
4r8p	LK	67	19	
4r8p	LK	70	24	
4r8p	LK	71	48	
4r8p	LK	72	13	
4r8p	LK	73	29	
4r8p	LK	75	15	
4r8p	LK	76	9	
4r8p	LK	78	8	
4r8p	LK	79	25	
4r8p	LK	82	23	
4r8p	LK	83	16	
4r8p	LK	84	2	
4r8p	LK	85	4	
4r8p	LK	87	11	
4r8p	LK	90	13	
4r8p	LK	91	34	
4r8p	LK	94	69	
4r8p	LK	95	22	
4r8p	LK	98	57	
4r8p	LK	99	15	
4r8p	LK	104	6	
4r8p	LK	108	10	
5kgf	ML	6	3	
5kgf	ML	7	60	
5kgf	ML	8	4	
5kgf	ML	9	2	
5kgf	ML	10	10	
5kgf	ML	11	1	
5gse	NH	89	1	
4r8p	NM	7	25	
4r8p	NM	8	25	
4r8p	NM	9	13	
4r8p	NM	10	29	
4r8p	NM	11	4	
4r8p	NM	13	10	
4r8p	NM	14	8	
4r8p	NM	16	58	
4r8p	NM	17	1	
4r8p	NM	18	4	
4r8p	NM	22	11	
4r8p	NM	23	3	
4r8p	NM	24	8	
4r8p	NM	25	55	
4r8p	NM	30	8	
4r8p	NM	31	6	
4r8p	NM	33	27	
4r8p	NM	34	10	
4r8p	NM	36	39	
4r8p	NM	38	1	
4r8p	NM	41	9	
4r8p	NM	42	25	
4r8p	NM	45	17	
4r8p	NM	46	19	
4r8p	NM	67	21	
4r8p	NM	70	26	
4r8p	NM	71	45	
4r8p	NM	72	11	
4r8p	NM	73	22	
4r8p	NM	75	16	
4r8p	NM	76	6	
4r8p	NM	78	5	
4r8p	NM	79	23	
4r8p	NM	82	20	
4r8p	NM	83	8	
4r8p	NM	84	1	
4r8p	NM	85	4	
4r8p	NM	87	7	
4r8p	NM	90	15	
4r8p	NM	91	17	
4r8p	NM	94	58	
4r8p	NM	95	9	
4r8p	NM	98	47	
4r8p	NM	99	30	
5gse	PG	81	28	
6fml	QI	77	1	
6fml	QI	78	1	
6fml	QJ	80	1	
6etx	RD	143	8	
6etx	RD	144	23	
6etx	RD	145	32	
6etx	RD	146	39	
6etx	RD	147	32	
6etx	RD	148	43	
6etx	RD	149	30	
6etx	RD	150	21	
6etx	RD	188	3	
6etx	RD	189	19	
6etx	RD	211	1	
6etx	RD	214	1	
6etx	RD	216	4	
6etx	RE	134	9	
6etx	RE	135	5	
6etx	RE	136	22	
6etx	RE	137	16	
6etx	RE	138	16	
6etx	RE	139	4	
6etx	RE	140	23	
6etx	RE	142	1	
6etx	RE	150	62	
6etx	RE	151	18	
6etx	RE	152	37	
6etx	RE	153	22	
6etx	RE	154	44	
6etx	RE	155	14	
6etx	RE	162	7	
6etx	RE	173	6	
6etx	RE	174	22	
6etx	RE	175	10	
6etx	RE	177	16	
6etx	RE	181	3	
6etx	RE	187	8	
6etx	RE	188	1	
6etx	RE	209	19	
6etx	RE	211	2	
6etx	RE	212	1	
6etx	RE	214	36	
6etx	RF	136	4	
6etx	RF	167	16	
6etx	RF	168	45	
6etx	RF	169	18	
6etx	RF	170	38	
6etx	RF	171	52	
6etx	RF	172	28	
6etx	RF	173	8	
6etx	RF	197	5	
6etx	RF	230	2	
6etx	RF	231	26	
6etx	RF	233	31	
6etx	RF	235	33	
6etx	RG	802	17	
6etx	RG	803	1	
6fml	RJ	21	2	
6fml	SE	71	16	
6fml	SI	50	2	
6fml	TE	49	2	
6fml	TG	51	4	
6fml	TI	90	2	
6fml	TI	91	10	
6fml	TI	92	1	
6fml	TI	95	3	
6fml	TI	105	4	
6fml	TI	108	11	
6fml	TI	109	1	
6fml	TI	112	1	
6fml	TI	118	5	
6fml	TI	119	2	
4zux	VU	2	10	
4zux	VU	37	1	
4zux	VU	38	22	
4zux	VU	41	20	
4zux	VU	42	9	
4zux	VU	50	1	
4zux	VU	51	16	
4zux	VU	52	16	
4zux	VU	53	17	
4zux	VU	54	7	
4zux	VU	70	15	
4zux	VU	96	17	
4zux	VU	100	6	
4zux	VU	101	44	
4zux	VU	102	59	
4zux	VU	103	28	
4zux	VU	318	1	
4zux	VU	385	1	
4zux	VU	386	54	
4zux	VU	388	8	
4zux	VU	409	10	
4zux	VU	411	13	
4zux	VU	434	1	
4zux	VU	437	1	
4zux	VU	469	13	
4zux	VU	470	35	
4zux	VU	472	38	
4zux	WU	2	40	
4zux	WU	3	3	
4zux	WU	4	3	
4zux	WU	52	5	
4zux	WU	53	4	
4zux	WU	54	48	
4zux	WU	55	19	
4zux	WU	56	44	
4zux	WU	57	25	
4zux	WU	70	15	
4zux	WU	71	17	
4zux	WU	89	8	
4zux	WU	91	39	
4zux	WU	92	40	
4zux	WU	94	18	
4zux	WU	102	11	
4zux	WU	103	34	
4zux	WU	104	10	
4zux	WU	105	35	
4zux	WU	106	72	
4zux	WU	107	1	
4zux	WU	108	15	
4zux	WU	111	6	
4zux	WU	112	1	
4zux	WU	128	26	
4zux	WU	129	19	
4zux	WU	130	10	
4zux	WU	131	43	
4zux	WU	134	34	
4zux	WU	135	13	
4zux	WU	137	9	
4zux	WU	141	13	
4zux	WU	142	13	
4zux	WU	143	64	
4zux	WU	144	8	
4zux	WU	210	14	
4zux	WU	211	13	
4zux	WU	214	2	
4zux	WU	218	3	
4zux	WU	221	1	
4zux	WU	222	7	
4zux	WU	225	53	
4zux	WU	229	4	
4zux	WU	233	2	
4zux	WU	234	25	
4zux	WU	436	3	
4zux	WU	441	10	
4zux	WU	444	1	
4zux	WU	446	6	
4zux	WU	447	43	
4zux	WU	448	29	
4zux	WU	449	18	
4zux	WU	450	33	
4zux	WU	451	5	
4zux	WU	452	1	
4zux	WV	22	5	
4zux	WV	25	1	
4zux	WV	29	7	
4zux	WV	30	2	
4zux	WV	33	2	
4zux	WV	38	12	
4zux	WV	39	7	
4zux	WV	42	7	
4zux	WV	43	21	
4zux	WV	46	17	
4zux	WV	47	14	
4zux	WV	50	17	
4zux	WV	56	38	
4zux	WV	58	48	
4zux	WV	61	4	
4zux	WV	62	20	
4zux	WV	65	4	
4zux	WV	66	32	
4zux	WV	69	7	
4zux	WV	70	18	
4zux	WV	73	4	
4zux	WV	78	6	
4zux	WV	81	2	
4zux	WV	82	16	
4zux	WV	85	9	
4zux	WV	86	35	
4zux	WV	89	10	
4zux	WV	93	1	
4zux	XU	142	3	
4zux	XU	144	2	
4zux	XU	145	25	
4zux	XU	146	3	
4zux	XU	147	9	
4zux	XU	148	14	
4zux	XU	235	1	
4zux	XU	236	75	
4zux	XU	237	52	
4zux	XU	238	70	
4zux	XU	239	1	
4zux	XU	240	23	
4zux	XU	241	57	
4zux	XU	244	50	
4zux	XU	247	2	
4zux	XU	248	12	
4zux	XU	252	1	
4zux	XU	284	2	
4zux	XU	288	1	
4zux	XU	298	4	
4zux	XU	300	12	
4zux	XU	302	26	
4zux	XU	303	8	
4zux	XU	304	3	
4zux	XU	305	24	
4zux	XU	306	1	
4zux	XU	308	2	
4zux	XU	310	24	
4zux	XU	312	4	
4zux	XU	323	2	
4zux	XU	324	21	
4zux	XU	328	32	
4zux	XU	330	8	
4zux	XU	332	18	
4zux	XU	333	21	
4zux	XU	334	10	
4zux	XU	348	24	
4zux	XU	350	3	
4zux	XU	362	11	
4zux	XU	364	45	
4zux	XU	366	60	
4zux	XU	367	5	
4zux	XU	368	46	
4zux	XU	372	11	
4zux	XU	373	1	
4zux	XU	374	21	
4zux	XU	376	5	
4zux	XU	420	39	
4zux	XU	423	5	
4zux	XU	424	34	
4zux	XU	425	23	
4zux	XU	426	12	
4zux	XU	427	26	
4zux	XU	428	16	
4zux	XU	429	39	
4zux	XU	462	18	
4zux	YU	24	2	
4zux	YU	27	6	
4zux	YU	28	3	
4zux	YU	30	16	
4zux	YU	31	28	
4zux	YU	32	2	
4zux	YU	33	33	
4zux	YU	34	91	
4zux	YU	35	21	
4zux	YU	36	8	
4zux	YU	37	1	
4zux	YU	39	18	
4zux	YU	40	2	
4zux	YU	43	7	
4zux	YU	44	1	
4zux	YU	48	10	
4zux	YU	51	4	
4zux	YU	60	3	
4zux	YU	61	9	
4zux	YU	62	2	
4zux	YU	63	1	
4zux	YU	64	11	
4zux	YU	65	28	
4zux	YU	66	3	
4zux	YU	108	3	
4zux	YU	111	1	
4zux	YU	112	16	
4zux	YU	114	1	
4zux	YU	115	17	
4zux	YU	118	4	
4zux	YU	119	3	
4zux	YU	121	1	
4zux	YU	122	11	
4zux	YU	123	7	
4zux	YU	124	5	
4zux	YU	125	54	
4zux	YU	126	66	
4zux	YU	127	73	
4zux	YU	128	23	
4zux	YU	129	29	
4zux	YU	133	2	
4zux	YU	134	11	
4zux	YU	135	1	
4zux	YU	160	15	
4zux	YU	161	69	
4zux	YU	163	7	
4zux	YU	164	36	
4zux	YU	167	76	
4zux	YU	168	14	
4zux	YU	169	23	
4zux	YU	172	3	
4zux	YU	173	14	
4zux	YU	189	1	
4zux	YU	192	9	
4zux	YU	193	51	
4zux	YU	196	34	
4zux	YU	197	15	
4zux	YU	198	16	
4zux	YU	200	24	
4zux	YU	271	6	
4zux	YU	272	2	
4zux	YU	273	7	
4zux	YU	275	7	
4zux	YU	277	3	
4zux	YU	278	50	
4zux	YU	279	1	
4zux	YU	281	11	
4zux	YU	282	5	
4zux	YU	353	5	
4zux	YU	354	58	
4zux	YU	355	42	
4zux	YU	356	9	
4zux	YU	357	13	
4zux	YU	393	7	
4zux	YU	395	16	
4zux	YU	406	3	
4zux	YU	407	18	
4zux	YU	408	16	
4zux	YU	410	8	
4zux	YU	412	6	
4zux	YU	413	1	
4zux	YU	415	2	
4zux	YU	434	11	
4zux	YU	435	10	
4zux	YU	436	44	
4zux	YU	437	1	
4zux	YU	467	2	
4zux	YU	468	9	
4zux	YU	469	26	
4zux	YU	470	8	
4zux	YU	471	59	
4zux	YU	472	15	
4zux	YV	7	3	
4zux	YV	8	12	
4zux	YV	11	17	
4zux	YV	14	12	
4zux	YV	15	6	
4zux	YV	18	22	
4zux	YV	23	4	
4zux	YV	27	2	
4zux	YV	30	7	
4zux	YV	92	8	
4zux	YV	93	9	
4zux	YW	30	23	
4zux	YW	31	1	
4zux	YW	34	34	
4zux	YW	37	2	
4zux	YW	41	2	
4zux	Za	10	26	
4zux	Za	13	33	
4zux	Za	14	9	
4zux	Za	17	28	
4zux	Za	18	7	
4zux	Za	19	1	
4zux	Za	22	33	
4zux	Za	23	11	
4zux	Za	27	39	
4zux	Za	28	11	
4zux	Za	30	9	
4zux	Za	31	9	
4zux	Za	34	38	
4zux	Za	35	5	
4zux	Za	40	8	
4zux	Za	43	4	
4zux	Za	44	1	
4zux	Za	47	9	
4zux	Za	55	3	
4zux	Za	56	14	
4zux	Za	57	28	
4zux	Za	58	46	
4zux	Za	59	22	
4zux	Za	62	1	
4zux	Zb	17	1	
4zux	Zb	18	48	
4zux	Zb	19	2	
4zux	Zb	21	8	
4zux	Zb	22	35	
4zux	Zb	25	37	
4zux	Zb	26	36	
4zux	Zb	29	15	
4zux	Zb	30	14	
4zux	Zb	32	2	
4zux	Zb	33	29	
4zux	Zb	34	4	
4zux	Zb	36	58	
4zux	Zb	37	35	
4zux	Zb	38	3	
4zux	Zb	39	2	
4zux	Zb	40	20	
4zux	Zb	41	33	
4zux	Zb	42	67	
4zux	Zb	44	3	
4zux	Zb	45	12	
4zux	Zb	46	7	
4zux	Zb	48	60	
4zux	Zb	49	10	
4zux	Zb	50	38	
4zux	Zb	51	1	
4zux	Zb	55	2	
4zux	Zb	56	8	
4zux	Zb	57	31	
4zux	Zb	58	47	
4zux	Zb	61	4	
4zux	Zb	62	7	
4zux	Zb	63	15	
4zux	Zb	64	1	
4zux	Zb	66	1	
4zux	Zb	69	6	
4zux	Zb	70	3	
4zux	Zb	71	10	
4zux	Zb	82	24	
4zux	Zb	83	17	
4zux	Zb	84	2	
4zux	Zb	85	16	
4zux	Zb	86	18	
4zux	Zb	87	6	
4zux	Zb	89	6	
4zux	Zb	90	38	
4zux	Zb	93	48	
4zux	Zb	94	7	
4zux	Zb	95	1	
4zux	Zc	2	44	
4zux	Zc	4	35	
4zux	Zc	6	15	
4zux	Zc	7	4	
4zux	Zc	8	39	
4zux	Zc	9	13	
4zux	Zc	10	16	
4zux	Zc	11	12	
4zux	Zc	12	24	
4zux	Zc	13	13	
4zux	Zc	14	52	
4zux	Zc	33	4	
4zux	Zc	34	1	
4zux	Zc	35	3	
4zux	Zc	36	22	
4zux	Zc	37	1	
4zux	Zc	40	12	
4zux	Zc	42	53	
4zux	Zc	44	15	
4zux	Zc	45	3	
4zux	Zc	46	10	
4zux	Zc	47	28	
4zux	Zc	48	25	
4zux	Zc	49	17	
4zux	Zc	64	19	
4zux	Zc	65	6	
4zux	Zc	66	14	
4zux	Zc	68	5	
4zux	Zc	69	2	
4zux	Zc	70	7	
4zux	Zc	71	36	
4zux	Zc	72	43	
4zux	Zc	73	98	
4zux	Zc	74	114	
4zux	Zc	75	90	
4zux	Zc	76	66	
4zux	Zd	26	12	
4zux	Zd	27	12	
4zux	Zd	28	4	
4zux	Zd	30	3	
4zux	Zd	31	6	
4zux	Zd	32	59	
4zux	Zd	33	3	
4zux	Zd	35	28	
4zux	Zd	36	16	
4zux	Zd	38	7	
4zux	Zd	39	36	
4zux	Zd	40	10	
4zux	Zd	42	36	
4zux	Zd	43	20	
4zux	Zd	44	29	
4zux	Zd	45	41	
4zux	Zd	48	50	
4zux	Zd	49	40	
4zux	Zd	50	24	
4zux	Zd	53	17	
4zux	Zd	54	7	
4zux	Zd	55	3	
4zux	Zd	56	40	
4zux	Zd	57	99	
4zux	Zd	58	74	
4zux	Zd	59	30	
4zux	Zd	60	1	
4zux	Zd	61	29	
4zux	Zd	62	19	
4zux	Zd	63	72	
4zux	Zd	64	27	
4zux	Zd	65	56	
4zux	Zd	66	1	
4zux	Zd	67	19	
4zux	Zd	68	16	
4zux	Zd	69	34	
4zux	Zd	70	7	
4zux	Zd	71	9	
4zux	Zd	72	14	
4zux	Zd	73	20	
4zux	Zd	74	1	
4zux	Zd	75	87	
4zux	Zd	76	94	
4zux	Zd	77	56	
4zux	Zd	78	17	
4zux	Zd	79	43	
4zux	Zd	80	9	
4zux	Zd	81	20	
4zux	Zd	82	35	
4zux	Zd	83	38	
4zux	Zd	84	52	
4zux	Zd	85	26	
4zux	Zd	86	23	
4zux	Zd	87	21	
4zux	Zd	88	1	
4zux	Zd	89	17	
4zux	Zd	90	3	
4zux	Zd	91	2	
4zux	Zd	92	3	
4zux	Zd	93	5	
4zux	Zd	94	24	
4zux	Zd	97	36	