pdb	chain	residue	Count			
5e5a						
	I					
		23	1			
		24	1			
		25	2			
		54	5			
		57	27			
		58	31			
		61	8			
		62	51			
		65	23			
		66	3			
		91	12			
		93	13			
		94	7			
	J					
		42	14			
		44	1			
		45	83			
		46	36			
		47	2			
		48	13			
		49	3			
		103	10			
		104	18			
		107	36			
		111	41			
		114	5			
5o9g						
	A					
		81	6			
	B					
		17	4			
		18	20			
		19	31			
		20	41			
		21	9			
5x0y						
	A					
		81	27			
		83	6			
	B					
		15	5			
		16	25			
		17	87			
		18	71			
		19	5			
		20	18			
6c0w						
	A					
		79	2			
		80	51			
		81	8			
		82	29			
		83	22			
	B					
		24	15			
		75	1			
		78	4			
		80	12			
	D					
		93	10			
		123	1			
5hq2						
	D					
		43	1			
		44	13			
		45	14			
		46	1			
		47	5			
		48	1			
4r8p						
	A					
		76	15			
		77	34			
		78	17			
		79	8			
		80	11			
	B					
		21	4			
		23	23			
		74	10			
	C					
		57	5			
		61	26			
		64	11			
		65	8			
		68	30			
		69	4			
		71	1			
		72	15			
		88	1			
		89	24			
		90	31			
		91	21			
		92	29			
		93	6			
		118	10			
		119	21			
	D					
		96	2			
		102	37			
		105	6			
		103	23			
		106	15			
	E					
		76	17			
		77	30			
		78	13			
		79	5			
		80	7			
	F					
		21	7			
	G					
		57	4			
		61	25			
		64	8			
		65	7			
		68	15			
		69	2			
		71	3			
		72	18			
		89	15			
		90	21			
		91	17			
		92	23			
		93	4			
	H					
		102	49			
		105	6			
		103	17			
		106	23			
6etx						
	I					
		47	1			
		41	5			
6buz						
	A					
		99	1			
		100	51			
		102	9			
3mvd						
	C					
		57	18			
		60	17			
		61	44			
		64	31			
		65	1			
		71	30			
		72	3			
		74	6			
		75	9			
		76	14			
		90	11			
		92	10			
		93	5			
	D					
		44	2			
		45	19			
		46	6			
		48	1			
		102	10			
		103	19			
		106	29			
	G					
		57	18			
		60	17			
		61	32			
		64	32			
		65	1			
		71	23			
		72	4			
		74	11			
		75	9			
		76	13			
		90	11			
		92	12			
		93	2			
	H					
		44	3			
		45	20			
		46	6			
		48	1			
		102	13			
		103	19			
		106	36			
5kgf						
	B					
		75	12			
	C					
		58	19			
		62	29			
		65	9			
		66	2			
		90	11			
		91	21			
		92	2			
		93	37			
		94	8			
		16	23			
		20	11			
		21	3			
	D					
		93	2			
		96	9			
		100	23			
		106	1			
		107	18			
		110	56			
		113	19			
		114	6			
		116	10			
		117	33			
		120	4			
		121	7			
		124	24			
		125	4			
		126	2			
	F					
		75	14			
	G					
		16	24			
		20	11			
		21	3			
		58	15			
		62	36			
		65	12			
		66	5			
		90	12			
		91	24			
		92	7			
		93	37			
		94	12			
	H					
		117	23			
		120	6			
		121	5			
		124	15			
		92	1			
		93	16			
		96	14			
		100	27			
		106	2			
		107	17			
		109	1			
		110	43			
		113	21			
		116	12			
4zux						
	A					
		81	2			
	B					
		80	11			
	G					
		25	19			
		23	4			
		57	7			
		72	27			
		65	20			
		69	17			
		68	5			
		61	8			
		58	26			
		62	30			
	H					
		45	56			
		47	22			
		46	10			
		48	15			
		49	1			
		114	21			
		111	26			
		107	22			
		118	18			
		117	36			
		110	8			
		113	14			
		120	3			
		121	18			
	C					
		58	28			
		20	2			
		23	9			
		25	24			
		57	2			
		61	9			
		62	29			
		65	23			
		68	2			
		69	20			
		72	19			
	D					
		107	27			
		108	1			
		110	19			
		111	32			
		113	17			
		114	26			
		116	12			
		117	44			
		118	21			
		120	4			
		121	7			
		44	1			
		45	62			
		46	7			
		47	21			
		48	14			
6fml						
	S					
		71	16			
		50	2			
	T					
		49	2			
		51	4			
		112	1			
		105	4			
		108	11			
		109	1			
		119	2			
		91	10			
		95	3			
		118	5			
		92	1			
		90	2			
	Q					
		77	1			
		78	1			
		80	1			
	R					
		21	2			
4kud						
	A					
		74	3			
		77	5			
		78	29			
		79	12			
		80	10			
		81	39			
	B					
		16	16			
		17	44			
		18	3			
		19	59			
		20	15			
		21	22			
		22	37			
		23	6			
		24	51			
		72	4			
		75	28			
		76	7			
		78	6			
	C					
		58	10			
		59	20			
		62	6			
		63	18			
		67	2			
		92	11			
		94	19			
		95	3			
	D					
		48	1			
		51	1			
		52	1			
		96	15			
		99	12			
		100	10			
		103	41			
		109	16			
		110	16			
		112	10			
		113	64			
		115	2			
		116	26			
		117	17			
		119	6			
		120	24			
	E					
		74	3			
		77	6			
		78	24			
		79	15			
		80	14			
		81	35			
	F					
		14	18			
		15	21			
		16	8			
		17	39			
		18	3			
		19	61			
		20	16			
		21	27			
		22	41			
		23	5			
		24	46			
		25	1			
		72	4			
		75	24			
		76	8			
		78	3			
	G					
		58	9			
		59	21			
		62	6			
		63	17			
		67	1			
		92	11			
		94	17			
		95	3			
	H					
		96	16			
		99	18			
		100	9			
		103	40			
		109	30			
		110	18			
		112	9			
		113	78			
		115	3			
		116	25			
		117	21			
		119	11			
		120	38			
5mlu						
	A					
		84	8			
		87	23			
		88	22			
		91	12			
		96	17			
		97	48			
	C					
		11	2			
		43	20			
		44	21			
		47	14			
		48	53			
		51	4			
		52	10			
		75	11			
		76	19			
		77	44			
		78	47			
		79	6			
		80	6			
		81	6			
		95	7			
		99	12			
	D					
		12	1			
		13	17			
		16	26			
		17	3			
		74	5			
		75	16			
		78	55			
		81	4			
		82	33			
		85	5			
	E					
		71	10			
		75	2			
5gtc						
	G					
		27	2			
		57	5			
		60	19			
		61	27			
		64	7			
		65	57			
		68	40			
		69	3			
		72	3			
		94	12			
		96	13			
		97	7			
	H					
		51	38			
		52	9			
		53	6			
		109	9			
		110	16			
		113	44			
		117	46			
		120	10			
4ld9						
	A					
		74	2			
		77	5			
		78	11			
		79	10			
		80	34			
		81	41			
		82	1			
	B					
		14	1			
		15	7			
		16	10			
		17	36			
		18	2			
		19	54			
		20	11			
		22	22			
		23	1			
		24	68			
		25	16			
		60	3			
		64	3			
		72	1			
		75	38			
		76	7			
		78	6			
		80	1			
	C					
		58	4			
		62	18			
		66	1			
		91	11			
		93	1			
		94	1			
	D					
		93	11			
		96	9			
		97	9			
		100	42			
		106	29			
		107	9			
		109	10			
		110	76			
		113	2			
		114	5			
		120	1			
	E					
		74	3			
		77	5			
		78	23			
		79	12			
		80	21			
		81	16			
	F					
		19	10			
		20	1			
		22	4			
		23	5			
		24	48			
		25	10			
		60	5			
		64	6			
		72	2			
		75	35			
		76	3			
		78	5			
	G					
		58	8			
		62	20			
		65	1			
		66	1			
		91	19			
		92	1			
		93	28			
		94	2			
	H					
		93	3			
		96	13			
		97	13			
		100	12			
		106	33			
		107	9			
		110	53			
		112	6			
		113	5			
		114	14			
		116	6			
		117	2			
		120	1			
3tu4						
	A					
		73	3			
		76	8			
		77	35			
		78	18			
		79	35			
		80	52			
	B					
		13	30			
		14	14			
		15	15			
		16	44			
		17	2			
		18	53			
		19	14			
		20	20			
		21	22			
		22	4			
		23	39			
		24	1			
		74	17			
		75	9			
		77	12			
	C					
		57	21			
		60	7			
		61	35			
		64	12			
		65	1			
		90	11			
		92	9			
		93	4			
	D					
		45	1			
		89	29			
		92	17			
		93	8			
		96	7			
		102	20			
		103	16			
		105	2			
		106	43			
		108	16			
		109	22			
		110	24			
		112	4			
		113	7			
		116	1			
	E					
		73	3			
		76	8			
		77	38			
		78	17			
		79	36			
		80	44			
	F					
		13	26			
		14	14			
		15	12			
		16	44			
		18	62			
		19	12			
		20	30			
		21	28			
		22	5			
		23	56			
		71	1			
		74	19			
		75	9			
		77	11			
	G					
		57	20			
		60	5			
		61	34			
		64	14			
		65	1			
		90	11			
		92	9			
		93	3			
	H					
		89	25			
		92	17			
		93	7			
		96	10			
		102	23			
		103	18			
		105	1			
		106	49			
		108	16			
		109	17			
		110	18			
		112	4			
		113	17			
4jjn						
	A					
		73	5			
		76	9			
		77	27			
		78	17			
		79	35			
		80	54			
	B					
		14	13			
		15	12			
		16	33			
		17	2			
		18	64			
		19	22			
		20	26			
		21	29			
		22	5			
		23	40			
		24	1			
		71	1			
		74	22			
		75	9			
		77	11			
	C					
		51	5			
		58	9			
		61	8			
		62	16			
		65	19			
	D					
		51	7			
		94	7			
		95	28			
		98	29			
		99	7			
		102	13			
		111	1			
		112	20			
		114	16			
		115	10			
		116	10			
		118	11			
		119	16			
		121	1			
	E					
		73	4			
		76	8			
		77	35			
		78	19			
		79	29			
		80	50			
	F					
		12	25			
		13	18			
		14	15			
		15	8			
		16	48			
		17	10			
		18	59			
		19	22			
		20	25			
		21	39			
		22	5			
		23	72			
		24	1			
		71	1			
		74	33			
		75	9			
		77	8			
	G					
		58	28			
		61	3			
		62	38			
		65	15			
		66	1			
		91	15			
		93	14			
		94	9			
	H					
		95	23			
		98	21			
		99	6			
		102	16			
		108	19			
		109	16			
		111	1			
		112	30			
		114	19			
		115	9			
		116	13			
		118	6			
						
						
