pdb	chain	residue	 atomic_contacts
1zla	G	23	 1
1zla	G	24	 3
1zla	G	53	 5
1zla	G	56	 12
1zla	G	57	 37
1zla	G	60	 9
1zla	G	61	 58
1zla	G	64	 32
1zla	G	65	 2
1zla	G	68	 1
1zla	G	90	 11
1zla	G	92	 12
1zla	G	93	 6
1zla	H	44	 2
1zla	H	47	 46
1zla	H	48	 19
1zla	H	49	 5
1zla	H	105	 10
1zla	H	106	 23
1zla	H	109	 43
1zla	H	113	 44
1zla	H	116	 9
3mvd	C	57	 18
3mvd	C	60	 17
3mvd	C	61	 44
3mvd	C	64	 31
3mvd	C	65	 1
3mvd	C	71	 30
3mvd	C	72	 3
3mvd	C	74	 6
3mvd	C	75	 9
3mvd	C	76	 14
3mvd	C	90	 11
3mvd	C	92	 10
3mvd	C	93	 5
3mvd	D	44	 2
3mvd	D	45	 19
3mvd	D	46	 6
3mvd	D	48	 1
3mvd	D	102	 10
3mvd	D	103	 19
3mvd	D	106	 29
3mvd	G	57	 18
3mvd	G	60	 17
3mvd	G	61	 32
3mvd	G	64	 32
3mvd	G	65	 1
3mvd	G	71	 23
3mvd	G	72	 4
3mvd	G	74	 11
3mvd	G	75	 9
3mvd	G	76	 13
3mvd	G	90	 11
3mvd	G	92	 12
3mvd	G	93	 2
3mvd	H	44	 3
3mvd	H	45	 20
3mvd	H	46	 6
3mvd	H	48	 1
3mvd	H	102	 13
3mvd	H	103	 19
3mvd	H	106	 36
3tu4	A	73	 3
3tu4	A	76	 8
3tu4	A	77	 35
3tu4	A	78	 18
3tu4	A	79	 35
3tu4	A	80	 52
3tu4	B	13	 30
3tu4	B	14	 14
3tu4	B	15	 15
3tu4	B	16	 44
3tu4	B	17	 2
3tu4	B	18	 53
3tu4	B	19	 14
3tu4	B	20	 20
3tu4	B	21	 22
3tu4	B	22	 4
3tu4	B	23	 39
3tu4	B	24	 1
3tu4	B	74	 17
3tu4	B	75	 9
3tu4	B	77	 12
3tu4	C	57	 21
3tu4	C	60	 7
3tu4	C	61	 35
3tu4	C	64	 12
3tu4	C	65	 1
3tu4	C	90	 11
3tu4	C	92	 9
3tu4	C	93	 4
3tu4	D	45	 1
3tu4	D	89	 29
3tu4	D	92	 17
3tu4	D	93	 8
3tu4	D	96	 7
3tu4	D	102	 20
3tu4	D	103	 16
3tu4	D	105	 2
3tu4	D	106	 43
3tu4	D	108	 16
3tu4	D	109	 22
3tu4	D	110	 24
3tu4	D	112	 4
3tu4	D	113	 7
3tu4	D	116	 1
3tu4	E	73	 3
3tu4	E	76	 8
3tu4	E	77	 38
3tu4	E	78	 17
3tu4	E	79	 36
3tu4	E	80	 44
3tu4	F	13	 26
3tu4	F	14	 14
3tu4	F	15	 12
3tu4	F	16	 44
3tu4	F	18	 62
3tu4	F	19	 12
3tu4	F	20	 30
3tu4	F	21	 28
3tu4	F	22	 5
3tu4	F	23	 56
3tu4	F	71	 1
3tu4	F	74	 19
3tu4	F	75	 9
3tu4	F	77	 11
3tu4	G	57	 20
3tu4	G	60	 5
3tu4	G	61	 34
3tu4	G	64	 14
3tu4	G	65	 1
3tu4	G	90	 11
3tu4	G	92	 9
3tu4	G	93	 3
3tu4	H	89	 25
3tu4	H	92	 17
3tu4	H	93	 7
3tu4	H	96	 10
3tu4	H	102	 23
3tu4	H	103	 18
3tu4	H	105	 1
3tu4	H	106	 49
3tu4	H	108	 16
3tu4	H	109	 17
3tu4	H	110	 18
3tu4	H	112	 4
3tu4	H	113	 17
4jjn	A	73	 5
4jjn	A	76	 9
4jjn	A	77	 27
4jjn	A	78	 17
4jjn	A	79	 35
4jjn	A	80	 54
4jjn	B	14	 13
4jjn	B	15	 12
4jjn	B	16	 33
4jjn	B	17	 2
4jjn	B	18	 64
4jjn	B	19	 22
4jjn	B	20	 26
4jjn	B	21	 29
4jjn	B	22	 5
4jjn	B	23	 40
4jjn	B	24	 1
4jjn	B	71	 1
4jjn	B	74	 22
4jjn	B	75	 9
4jjn	B	77	 11
4jjn	C	51	 5
4jjn	C	58	 9
4jjn	C	61	 8
4jjn	C	62	 16
4jjn	C	65	 19
4jjn	D	51	 7
4jjn	D	94	 7
4jjn	D	95	 28
4jjn	D	98	 29
4jjn	D	99	 7
4jjn	D	102	 13
4jjn	D	111	 1
4jjn	D	112	 20
4jjn	D	114	 16
4jjn	D	115	 10
4jjn	D	116	 10
4jjn	D	118	 11
4jjn	D	119	 16
4jjn	D	121	 1
4jjn	E	73	 4
4jjn	E	76	 8
4jjn	E	77	 35
4jjn	E	78	 19
4jjn	E	79	 29
4jjn	E	80	 50
4jjn	F	12	 25
4jjn	F	13	 18
4jjn	F	14	 15
4jjn	F	15	 8
4jjn	F	16	 48
4jjn	F	17	 10
4jjn	F	18	 59
4jjn	F	19	 22
4jjn	F	20	 25
4jjn	F	21	 39
4jjn	F	22	 5
4jjn	F	23	 72
4jjn	F	24	 1
4jjn	F	71	 1
4jjn	F	74	 33
4jjn	F	75	 9
4jjn	F	77	 8
4jjn	G	58	 28
4jjn	G	61	 3
4jjn	G	62	 38
4jjn	G	65	 15
4jjn	G	66	 1
4jjn	G	91	 15
4jjn	G	93	 14
4jjn	G	94	 9
4jjn	H	95	 23
4jjn	H	98	 21
4jjn	H	99	 6
4jjn	H	102	 16
4jjn	H	108	 19
4jjn	H	109	 16
4jjn	H	111	 1
4jjn	H	112	 30
4jjn	H	114	 19
4jjn	H	115	 9
4jjn	H	116	 13
4jjn	H	118	 6
4kud	A	74	 3
4kud	A	77	 5
4kud	A	78	 29
4kud	A	79	 12
4kud	A	80	 10
4kud	A	81	 39
4kud	B	16	 16
4kud	B	17	 44
4kud	B	18	 3
4kud	B	19	 59
4kud	B	20	 15
4kud	B	21	 22
4kud	B	22	 37
4kud	B	23	 6
4kud	B	24	 51
4kud	B	72	 4
4kud	B	75	 28
4kud	B	76	 7
4kud	B	78	 6
4kud	C	58	 10
4kud	C	59	 20
4kud	C	62	 6
4kud	C	63	 18
4kud	C	67	 2
4kud	C	92	 11
4kud	C	94	 19
4kud	C	95	 3
4kud	D	48	 1
4kud	D	51	 1
4kud	D	52	 1
4kud	D	96	 15
4kud	D	99	 12
4kud	D	100	 10
4kud	D	103	 41
4kud	D	109	 16
4kud	D	110	 16
4kud	D	112	 10
4kud	D	113	 64
4kud	D	115	 2
4kud	D	116	 26
4kud	D	117	 17
4kud	D	119	 6
4kud	D	120	 24
4kud	E	74	 3
4kud	E	77	 6
4kud	E	78	 24
4kud	E	79	 15
4kud	E	80	 14
4kud	E	81	 35
4kud	F	14	 18
4kud	F	15	 21
4kud	F	16	 8
4kud	F	17	 39
4kud	F	18	 3
4kud	F	19	 61
4kud	F	20	 16
4kud	F	21	 27
4kud	F	22	 41
4kud	F	23	 5
4kud	F	24	 46
4kud	F	25	 1
4kud	F	72	 4
4kud	F	75	 24
4kud	F	76	 8
4kud	F	78	 3
4kud	G	58	 9
4kud	G	59	 21
4kud	G	62	 6
4kud	G	63	 17
4kud	G	67	 1
4kud	G	92	 11
4kud	G	94	 17
4kud	G	95	 3
4kud	H	96	 16
4kud	H	99	 18
4kud	H	100	 9
4kud	H	103	 40
4kud	H	109	 30
4kud	H	110	 18
4kud	H	112	 9
4kud	H	113	 78
4kud	H	115	 3
4kud	H	116	 25
4kud	H	117	 21
4kud	H	119	 11
4kud	H	120	 38
4ld9	A	74	 2
4ld9	A	77	 5
4ld9	A	78	 11
4ld9	A	79	 10
4ld9	A	80	 34
4ld9	A	81	 41
4ld9	A	82	 1
4ld9	B	14	 1
4ld9	B	15	 7
4ld9	B	16	 10
4ld9	B	17	 36
4ld9	B	18	 2
4ld9	B	19	 54
4ld9	B	20	 11
4ld9	B	22	 22
4ld9	B	23	 1
4ld9	B	24	 68
4ld9	B	25	 16
4ld9	B	60	 3
4ld9	B	64	 3
4ld9	B	72	 1
4ld9	B	75	 38
4ld9	B	76	 7
4ld9	B	78	 6
4ld9	B	80	 1
4ld9	C	58	 4
4ld9	C	62	 18
4ld9	C	66	 1
4ld9	C	91	 11
4ld9	C	93	 1
4ld9	C	94	 1
4ld9	D	93	 11
4ld9	D	96	 9
4ld9	D	97	 9
4ld9	D	100	 42
4ld9	D	106	 29
4ld9	D	107	 9
4ld9	D	109	 10
4ld9	D	110	 76
4ld9	D	113	 2
4ld9	D	114	 5
4ld9	D	120	 1
4ld9	E	74	 3
4ld9	E	77	 5
4ld9	E	78	 23
4ld9	E	79	 12
4ld9	E	80	 21
4ld9	E	81	 16
4ld9	F	19	 10
4ld9	F	20	 1
4ld9	F	22	 4
4ld9	F	23	 5
4ld9	F	24	 48
4ld9	F	25	 10
4ld9	F	60	 5
4ld9	F	64	 6
4ld9	F	72	 2
4ld9	F	75	 35
4ld9	F	76	 3
4ld9	F	78	 5
4ld9	G	58	 8
4ld9	G	62	 20
4ld9	G	65	 1
4ld9	G	66	 1
4ld9	G	91	 19
4ld9	G	92	 1
4ld9	G	93	 28
4ld9	G	94	 2
4ld9	H	93	 3
4ld9	H	96	 13
4ld9	H	97	 13
4ld9	H	100	 12
4ld9	H	106	 33
4ld9	H	107	 9
4ld9	H	110	 53
4ld9	H	112	 6
4ld9	H	113	 5
4ld9	H	114	 14
4ld9	H	116	 6
4ld9	H	117	 2
4ld9	H	120	 1
4r8p	A	76	 15
4r8p	A	77	 34
4r8p	A	78	 17
4r8p	A	79	 8
4r8p	A	80	 11
4r8p	B	21	 4
4r8p	B	23	 23
4r8p	B	74	 10
4r8p	C	57	 5
4r8p	C	61	 26
4r8p	C	64	 11
4r8p	C	65	 8
4r8p	C	68	 30
4r8p	C	69	 4
4r8p	C	71	 1
4r8p	C	72	 15
4r8p	C	88	 1
4r8p	C	89	 24
4r8p	C	90	 31
4r8p	C	91	 21
4r8p	C	92	 29
4r8p	C	93	 6
4r8p	C	118	 10
4r8p	C	119	 21
4r8p	D	96	 2
4r8p	D	102	 37
4r8p	D	105	 6
4r8p	D	103	 23
4r8p	D	106	 15
4r8p	E	76	 17
4r8p	E	77	 30
4r8p	E	78	 13
4r8p	E	79	 5
4r8p	E	80	 7
4r8p	F	21	 7
4r8p	G	57	 4
4r8p	G	61	 25
4r8p	G	64	 8
4r8p	G	65	 7
4r8p	G	68	 15
4r8p	G	69	 2
4r8p	G	71	 3
4r8p	G	72	 18
4r8p	G	89	 15
4r8p	G	90	 21
4r8p	G	91	 17
4r8p	G	92	 23
4r8p	G	93	 4
4r8p	H	102	 49
4r8p	H	105	 6
4r8p	H	103	 17
4r8p	H	106	 23
4zux	A	81	 2
4zux	B	80	 11
4zux	G	25	 19
4zux	G	23	 4
4zux	G	57	 7
4zux	G	72	 27
4zux	G	65	 20
4zux	G	69	 17
4zux	G	68	 5
4zux	G	61	 8
4zux	G	58	 26
4zux	G	62	 30
4zux	H	45	 56
4zux	H	47	 22
4zux	H	46	 10
4zux	H	48	 15
4zux	H	49	 1
4zux	H	114	 21
4zux	H	111	 26
4zux	H	107	 22
4zux	H	118	 18
4zux	H	117	 36
4zux	H	110	 8
4zux	H	113	 14
4zux	H	120	 3
4zux	H	121	 18
4zux	C	58	 28
4zux	C	20	 2
4zux	C	23	 9
4zux	C	25	 24
4zux	C	57	 2
4zux	C	61	 9
4zux	C	62	 29
4zux	C	65	 23
4zux	C	68	 2
4zux	C	69	 20
4zux	C	72	 19
4zux	D	107	 27
4zux	D	108	 1
4zux	D	110	 19
4zux	D	111	 32
4zux	D	113	 17
4zux	D	114	 26
4zux	D	116	 12
4zux	D	117	 44
4zux	D	118	 21
4zux	D	120	 4
4zux	D	121	 7
4zux	D	44	 1
4zux	D	45	 62
4zux	D	46	 7
4zux	D	47	 21
4zux	D	48	 14
5e5a	G	23	 1
5e5a	G	24	 1
5e5a	G	25	 2
5e5a	G	54	 5
5e5a	G	57	 27
5e5a	G	58	 31
5e5a	G	61	 8
5e5a	G	62	 51
5e5a	G	65	 23
5e5a	G	66	 3
5e5a	G	91	 12
5e5a	G	93	 13
5e5a	G	94	 7
5e5a	H	42	 14
5e5a	H	44	 1
5e5a	H	45	 83
5e5a	H	46	 36
5e5a	H	47	 2
5e5a	H	48	 13
5e5a	H	49	 3
5e5a	H	103	 10
5e5a	H	104	 18
5e5a	H	107	 36
5e5a	H	111	 41
5e5a	H	114	 5
5gse	F	27	 2
5gse	K	62	 2
5gse	G	117	 3
5gse	G	118	 4
5gse	G	119	 1
5gse	G	120	 9
5gse	G	121	 11
5gse	P	81	 28
5gse	H	109	 1
5gse	N	89	 1
5gtc	G	27	 2
5gtc	G	57	 5
5gtc	G	60	 19
5gtc	G	61	 27
5gtc	G	64	 7
5gtc	G	65	 57
5gtc	G	68	 40
5gtc	G	69	 3
5gtc	G	72	 3
5gtc	G	94	 12
5gtc	G	96	 13
5gtc	G	97	 7
5gtc	H	51	 38
5gtc	H	52	 9
5gtc	H	53	 6
5gtc	H	109	 9
5gtc	H	110	 16
5gtc	H	113	 44
5gtc	H	117	 46
5gtc	H	120	 10
5hq2	H	43	 1
5hq2	H	44	 13
5hq2	H	45	 14
5hq2	H	46	 1
5hq2	H	47	 5
5hq2	H	48	 1
5kgf	B	75	 12
5kgf	C	58	 19
5kgf	C	62	 29
5kgf	C	65	 9
5kgf	C	66	 2
5kgf	C	90	 11
5kgf	C	91	 21
5kgf	C	92	 2
5kgf	C	93	 37
5kgf	C	94	 8
5kgf	C	16	 23
5kgf	C	20	 11
5kgf	C	21	 3
5kgf	D	93	 2
5kgf	D	96	 9
5kgf	D	100	 23
5kgf	D	106	 1
5kgf	D	107	 18
5kgf	D	110	 56
5kgf	D	113	 19
5kgf	D	114	 6
5kgf	D	116	 10
5kgf	D	117	 33
5kgf	D	120	 4
5kgf	D	121	 7
5kgf	D	124	 24
5kgf	D	125	 4
5kgf	D	126	 2
5kgf	F	75	 14
5kgf	G	16	 24
5kgf	G	20	 11
5kgf	G	21	 3
5kgf	G	58	 15
5kgf	G	62	 36
5kgf	G	65	 12
5kgf	G	66	 5
5kgf	G	90	 12
5kgf	G	91	 24
5kgf	G	92	 7
5kgf	G	93	 37
5kgf	G	94	 12
5kgf	H	117	 23
5kgf	H	120	 6
5kgf	H	121	 5
5kgf	H	124	 15
5kgf	H	92	 1
5kgf	H	93	 16
5kgf	H	96	 14
5kgf	H	100	 27
5kgf	H	106	 2
5kgf	H	107	 17
5kgf	H	109	 1
5kgf	H	110	 43
5kgf	H	113	 21
5kgf	H	116	 12
5mlu	A	84	 8
5mlu	A	87	 23
5mlu	A	88	 22
5mlu	A	91	 12
5mlu	A	96	 17
5mlu	A	97	 48
5mlu	C	11	 2
5mlu	C	43	 20
5mlu	C	44	 21
5mlu	C	47	 14
5mlu	C	48	 53
5mlu	C	51	 4
5mlu	C	52	 10
5mlu	C	75	 11
5mlu	C	76	 19
5mlu	C	77	 44
5mlu	C	78	 47
5mlu	C	79	 6
5mlu	C	80	 6
5mlu	C	81	 6
5mlu	C	95	 7
5mlu	C	99	 12
5mlu	D	12	 1
5mlu	D	13	 17
5mlu	D	16	 26
5mlu	D	17	 3
5mlu	D	74	 5
5mlu	D	75	 16
5mlu	D	78	 55
5mlu	D	81	 4
5mlu	D	82	 33
5mlu	D	85	 5
5mlu	E	71	 10
5mlu	E	75	 2
5o9g	A	81	 6
5o9g	B	17	 4
5o9g	B	18	 20
5o9g	B	19	 31
5o9g	B	20	 41
5o9g	B	21	 9
5x0y	A	81	 27
5x0y	A	83	 6
5x0y	B	15	 5
5x0y	B	16	 25
5x0y	B	17	 87
5x0y	B	18	 71
5x0y	B	19	 5
5x0y	B	20	 18
6buz	A	99	 1
6buz	A	100	 51
6buz	A	102	 9
6c0w	A	79	 2
6c0w	A	80	 51
6c0w	A	81	 8
6c0w	A	82	 29
6c0w	A	83	 22
6c0w	B	24	 15
6c0w	B	75	 1
6c0w	B	78	 4
6c0w	B	80	 12
6c0w	D	93	 10
6c0w	D	123	 1
6etx	I	47	 1
6etx	I	41	 5
6fml	S	71	 16
6fml	S	50	 2
6fml	T	49	 2
6fml	T	51	 4
6fml	T	112	 1
6fml	T	105	 4
6fml	T	108	 11
6fml	T	109	 1
6fml	T	119	 2
6fml	T	91	 10
6fml	T	95	 3
6fml	T	118	 5
6fml	T	92	 1
6fml	T	90	 2
6fml	Q	77	 1
6fml	Q	78	 1
6fml	Q	80	 1
6fml	R	21	 2
