A|p84233|Histone H3.2|H3|Xenopus laevis|nucleosome:1|bp:1|1|1|135|1.0
B|p62799|Histone H4|H4|Xenopus laevis|nucleosome:1|bp:1|0|1|102|1.0
C|p06897|Histone H2A type 1|H2A|Expression vector pET3-H2A|nucleosome:1|bp:1|1|1|129|1.0
D|p02281|Histone H2B 1.1|H2B|Xenopus laevis|nucleosome:1|bp:1|1|1|125|1.0
E|p84233|Histone H3.2|H3|Xenopus laevis|nucleosome:1|bp:1|1|1|135|1.0
F|p62799|Histone H4|H4|Xenopus laevis|nucleosome:1|bp:1|0|1|102|1.0
G|p06897|Histone H2A type 1|H2A|Expression vector pET3-H2A|nucleosome:1|bp:1|1|1|129|1.0
H|p02281|Histone H2B 1.1|H2B|Xenopus laevis|nucleosome:1|bp:1|1|1|125|1.0
K|q9dum3|latent nuclear antigen|other|Human gammaherpesvirus 8|nucleosome:1|bp:1|0|1|22|1.0
A|p84233|Histone H3.2|H3|Xenopus laevis|nucleosome:1|bp:1|1|1|135|1.0
B|p62799|Histone H4|H4|Xenopus laevis|nucleosome:1|bp:1|1|1|102|1.0
C|q6azj8|Histone H2A|H2A|Xenopus laevis|nucleosome:1|bp:1|1|1|129|1.0
D|p02281|Histone H2B 1.1|H2B|Xenopus laevis|nucleosome:1|bp:1|4|1|122|1.0
E|p84233|Histone H3.2|H3|Xenopus laevis|nucleosome:1|bp:1|1|1|135|1.0
F|p62799|Histone H4|H4|Xenopus laevis|nucleosome:1|bp:1|1|1|102|1.0
G|q6azj8|Histone H2A|H2A|Xenopus laevis|nucleosome:1|bp:1|1|1|129|1.0
H|p02281|Histone H2B 1.1|H2B|Xenopus laevis|nucleosome:1|bp:1|4|1|122|1.0
K|p25171|Regulator of chromosome condensation|other|Drosophila melanogaster|nucleosome:1|bp:1|-1|3|423|1.0
L|p25171|Regulator of chromosome condensation|other|Drosophila melanogaster|nucleosome:1|bp:1|-1|3|423|1.0
A|p84233|Histone H3.2|H3|Xenopus laevis|nucleosome:1|bp:1|1|1|135|1.0
B|p62799|Histone H4|H4|Xenopus laevis|nucleosome:1|bp:1|1|1|102|1.0
C|p06897|Histone H2A type 1|H2A|Xenopus laevis|nucleosome:1|bp:1|1|1|129|1.0
D|p02281|Histone H2B 1.1|H2B|Xenopus laevis|nucleosome:1|bp:1|4|1|122|1.0
E|p84233|Histone H3.2|H3|Xenopus laevis|nucleosome:1|bp:1|1|1|135|1.0
F|p62799|Histone H4|H4|Xenopus laevis|nucleosome:1|bp:1|1|1|102|1.0
G|p06897|Histone H2A type 1|H2A|Xenopus laevis|nucleosome:1|bp:1|1|1|129|1.0
H|p02281|Histone H2B 1.1|H2B|Xenopus laevis|nucleosome:1|bp:1|4|1|122|1.0
K|p06701|Regulatory protein SIR3|other|Saccharomyces cerevisiae|nucleosome:1|bp:1|0|1|213|1.0
L|p06701|Regulatory protein SIR3|other|Saccharomyces cerevisiae|nucleosome:1|bp:1|0|1|213|1.0
A|p61830|Histone H3|H3|Saccharomyces cerevisiae|nucleosome:1|bp:1|1|1|135|1.0
B|p02309|Histone H4|H4|Saccharomyces cerevisiae|nucleosome:1|bp:1|1|1|102|1.0
C|p04912|Histone H2A.2|H2A|Saccharomyces cerevisiae|nucleosome:1|bp:1|1|1|131|1.0
D|p02294|Histone H2B.2|H2B|Saccharomyces cerevisiae|nucleosome:1|bp:1|1|1|130|1.0
E|p61830|Histone H3|H3|Saccharomyces cerevisiae|nucleosome:1|bp:1|1|1|135|1.0
F|p02309|Histone H4|H4|Saccharomyces cerevisiae|nucleosome:1|bp:1|1|1|102|1.0
G|p04912|Histone H2A.2|H2A|Saccharomyces cerevisiae|nucleosome:1|bp:1|1|1|131|1.0
H|p02294|Histone H2B.2|H2B|Saccharomyces cerevisiae|nucleosome:1|bp:1|1|1|130|1.0
K|p06701|Regulatory protein SIR3|other|Saccharomyces cerevisiae|nucleosome:1|bp:1|0|2|382|1.0
L|p06701|Regulatory protein SIR3|other|Saccharomyces cerevisiae|nucleosome:1|bp:1|0|2|382|1.0
A|p61830|Histone H3|H3|Saccharomyces cerevisiae|nucleosome:1|bp:1|0|1|136|1.0
B|p02309|Histone H4|H4|Saccharomyces cerevisiae|nucleosome:1|bp:1|0|1|103|1.0
C|p04912|Histone H2A.2|H2A|Saccharomyces cerevisiae|nucleosome:1|bp:1|0|1|132|1.0
D|p02293|Histone H2B.1|H2B|Saccharomyces cerevisiae|nucleosome:1|bp:1|0|1|131|1.0
E|p61830|Histone H3|H3|Saccharomyces cerevisiae|nucleosome:1|bp:1|0|1|136|1.0
F|p02309|Histone H4|H4|Saccharomyces cerevisiae|nucleosome:1|bp:1|0|1|103|1.0
G|p04912|Histone H2A.2|H2A|Saccharomyces cerevisiae|nucleosome:1|bp:1|0|1|132|1.0
H|p02293|Histone H2B.1|H2B|Saccharomyces cerevisiae|nucleosome:1|bp:1|0|1|131|1.0
K|p06701|Regulatory protein SIR3|other|Saccharomyces cerevisiae|nucleosome:1|bp:1|1|1|218|1.0
L|p06701|Regulatory protein SIR3|other|Saccharomyces cerevisiae|nucleosome:1|bp:1|1|1|218|1.0
A|p84233|Histone H3.2|H3|Xenopus laevis|nucleosome:1|bp:1|0|1|136|1.0
B|p62799|Histone H4|H4|Xenopus laevis|nucleosome:1|bp:1|0|1|103|1.0
C|p06897|Histone H2A type 1|H2A|Xenopus laevis|nucleosome:1|bp:1|0|1|130|1.0
D|p02281|Histone H2B 1.1|H2B|Xenopus laevis|nucleosome:1|bp:1|0|1|126|1.0
E|p84233|Histone H3.2|H3|Xenopus laevis|nucleosome:1|bp:1|0|1|136|1.0
F|p62799|Histone H4|H4|Xenopus laevis|nucleosome:1|bp:1|0|1|103|1.0
G|p06897|Histone H2A type 1|H2A|Xenopus laevis|nucleosome:1|bp:1|0|1|130|1.0
H|p02281|Histone H2B 1.1|H2B|Xenopus laevis|nucleosome:1|bp:1|0|1|126|1.0
K|p06701|Regulatory protein SIR3|other|Saccharomyces cerevisiae|nucleosome:1|bp:1|0|2|229|1.0
L|p06701|Regulatory protein SIR3|other|Saccharomyces cerevisiae|nucleosome:1|bp:1|0|2|229|1.0
A|p84233|Histone H3.2|H3|Xenopus laevis|nucleosome:1|bp:1|1|1|135|1.0
B|p62799|Histone H4|H4|Xenopus laevis|nucleosome:1|bp:1|1|1|102|1.0
C|p06897|Histone H2A type 1|H2A|Xenopus laevis|nucleosome:1|bp:1|1|1|129|1.0
D|p02281|Histone H2B 1.1|H2B|Xenopus laevis|nucleosome:1|bp:1|4|1|122|1.0
E|p84233|Histone H3.2|H3|Xenopus laevis|nucleosome:1|bp:1|1|1|135|1.0
F|p62799|Histone H4|H4|Xenopus laevis|nucleosome:1|bp:1|1|1|102|1.0
G|p06897|Histone H2A type 1|H2A|Xenopus laevis|nucleosome:1|bp:1|1|1|129|1.0
H|p02281|Histone H2B 1.1|H2B|Xenopus laevis|nucleosome:1|bp:1|4|1|122|1.0
K|p35226|Polycomb complex protein BMI-1|other|Homo sapiens|nucleosome:1|bp:1|-1|3|110|1.0
L|p61077#q99496|P61077:#Ubiquitin-conjugating enzyme E2 D3#Q99496:#E3 ubiquitin-protein ligase RING2|other|Homo sapiens|nucleosome:1|bp:1|0|2|116|-121|123|268|2.0
M|p35226|Polycomb complex protein BMI-1|other|Homo sapiens|nucleosome:1|bp:1|-1|3|110|1.0
N|p61077#q99496|P61077:#Ubiquitin-conjugating enzyme E2 D3#Q99496:#E3 ubiquitin-protein ligase RING2|other|Homo sapiens|nucleosome:1|bp:1|0|2|116|-121|123|268|2.0
A|p02299|Histone H3|H3|Drosophila melanogaster|nucleosome:1|bp:1|40|1|93|1.0
B|p84040|Histone H4|H4|Drosophila melanogaster|nucleosome:1|bp:1|24|1|79|1.0
C|p84051|Histone H2A|H2A|Drosophila melanogaster|nucleosome:1|bp:1|15|1|102|1.0
D|p02283|Histone H2B|H2B|Drosophila melanogaster|nucleosome:1|bp:1|32|1|90|1.0
E|p02299|Histone H3|H3|Drosophila melanogaster|nucleosome:1|bp:1|40|1|93|1.0
F|p84040|Histone H4|H4|Drosophila melanogaster|nucleosome:1|bp:1|24|1|79|1.0
G|p84051|Histone H2A|H2A|Drosophila melanogaster|nucleosome:1|bp:1|15|1|102|1.0
H|p02283|Histone H2B|H2B|Drosophila melanogaster|nucleosome:1|bp:1|32|1|90|1.0
U|q66lh7|CENP-C|other|Rattus norvegicus|nucleosome:1|bp:1|709|1|25|1.0
V|q66lh7|CENP-C|other|Rattus norvegicus|nucleosome:1|bp:1|709|1|25|1.0
A|p84233|Histone H3.2|H3|Xenopus laevis|nucleosome:1|bp:1|0|1|136|1.0
B|p62799|Histone H4|H4|Xenopus laevis|nucleosome:1|bp:1|0|1|103|1.0
C|p06897|Histone H2A type 1|H2A|Xenopus laevis|nucleosome:1|bp:1|0|1|130|1.0
D|p02281|Histone H2B 1.1|H2B|Xenopus laevis|nucleosome:1|bp:1|3|2|123|1.0
E|p84233|Histone H3.2|H3|Xenopus laevis|nucleosome:1|bp:1|0|1|136|1.0
F|p62799|Histone H4|H4|Xenopus laevis|nucleosome:1|bp:1|0|1|103|1.0
G|p06897|Histone H2A type 1|H2A|Xenopus laevis|nucleosome:1|bp:1|0|1|130|1.0
H|p02281|Histone H2B 1.1|H2B|Xenopus laevis|nucleosome:1|bp:1|3|2|123|1.0
O|p84233|Histone H3.2|H3|Xenopus laevis|nucleosome:1|bp:1|0|1|136|1.0
P|p62799|Histone H4|H4|Xenopus laevis|nucleosome:1|bp:1|0|1|103|1.0
Q|p06897|Histone H2A type 1|H2A|Xenopus laevis|nucleosome:1|bp:1|0|1|130|1.0
R|p02281|Histone H2B 1.1|H2B|Xenopus laevis|nucleosome:1|bp:1|3|2|123|1.0
U|p50102|Ubiquitin carboxyl-terminal hydrolase 8|other|Saccharomyces cerevisiae|nucleosome:1|bp:1|-1|2|472|1.0
V|q6wnk7|Transcription and mRNA export factor SUS1|other|Saccharomyces cerevisiae|nucleosome:1|bp:1|0|1|96|1.0
W|a6zwk1|SAGA-associated factor 11|other|Saccharomyces cerevisiae|nucleosome:1|bp:1|0|1|99|1.0
X|p0cg47|Polyubiquitin-B|other|Homo sapiens|nucleosome:1|bp:1|0|1|76|1.0
Y|p53165|SAGA-associated factor 73|other|Saccharomyces cerevisiae|nucleosome:1|bp:1|0|1|104|1.0
Z|p50102|Ubiquitin carboxyl-terminal hydrolase 8|other|Saccharomyces cerevisiae|nucleosome:1|bp:1|-1|2|472|1.0
a|q6wnk7|Transcription and mRNA export factor SUS1|other|Saccharomyces cerevisiae|nucleosome:1|bp:1|0|1|96|1.0
b|a6zwk1|SAGA-associated factor 11|other|Saccharomyces cerevisiae|nucleosome:1|bp:1|0|1|99|1.0
c|p0cg47|Polyubiquitin-B|other|Homo sapiens|nucleosome:1|bp:1|0|1|76|1.0
d|p53165|SAGA-associated factor 73|other|Saccharomyces cerevisiae|nucleosome:1|bp:1|0|1|104|1.0
A|p84233|Histone H3.2|H3|Xenopus laevis|nucleosome:1|bp:1|0|1|136|1.0
B|p62799|Histone H4|H4|Xenopus laevis|nucleosome:1|bp:1|0|1|103|1.0
C|p06897|Histone H2A type 1|H2A|Xenopus laevis|nucleosome:1|bp:1|0|1|130|1.0
D|p02281|Histone H2B 1.1|H2B|Xenopus laevis|nucleosome:1|bp:1|3|2|123|1.0
E|p84233|Histone H3.2|H3|Xenopus laevis|nucleosome:1|bp:1|0|1|136|1.0
F|p62799|Histone H4|H4|Xenopus laevis|nucleosome:1|bp:1|0|1|103|1.0
G|p06897|Histone H2A type 1|H2A|Xenopus laevis|nucleosome:1|bp:1|0|1|130|1.0
H|p02281|Histone H2B 1.1|H2B|Xenopus laevis|nucleosome:1|bp:1|3|2|123|1.0
K|p03169|55 kDa immediate-early protein 1|other|Human betaherpesvirus 5|nucleosome:1|bp:1|475|1|16|1.0
A|p68431|Histone H3.1|H3|Homo sapiens|nucleosome:1|bp:1|-3|4|139|1.0
B|p62805|Histone H4|H4|Homo sapiens|nucleosome:1|bp:1|-3|4|106|1.0
C|p04908|Histone H2A type 1-B/E|H2A|Homo sapiens|nucleosome:1|bp:1|-3|4|133|1.0
D|p06899|Histone H2B type 1-J|H2B|Homo sapiens|nucleosome:1|bp:1|-3|4|129|1.0
E|p68431|Histone H3.1|H3|Homo sapiens|nucleosome:1|bp:1|-3|4|139|1.0
F|p62805|Histone H4|H4|Homo sapiens|nucleosome:1|bp:1|-3|4|106|1.0
G|p04908|Histone H2A type 1-B/E|H2A|Homo sapiens|nucleosome:1|bp:1|-3|4|133|1.0
H|p06899|Histone H2B type 1-J|H2B|Homo sapiens|nucleosome:1|bp:1|-3|4|129|1.0
K|q9qr71|Protein LANA1|other|Human gammaherpesvirus 8|nucleosome:1|bp:1|4|1|11|1.0
A|p84233|Histone H3.2|H3|Xenopus laevis|nucleosome:1|bp:1|1|1|135|1.0
B|p62799|Histone H4|H4|Xenopus laevis|nucleosome:1|bp:1|1|1|102|1.0
G|p06897|Histone H2A type 1|H2A|Xenopus laevis|nucleosome:1|bp:1|1|1|129|1.0
H|p02281|Histone H2B 1.1|H2B|Xenopus laevis|nucleosome:1|bp:1|4|1|122|1.0
K|p21827|Guanine nucleotide exchange factor SRM1|other|Saccharomyces cerevisiae|nucleosome:1|bp:1|-1|3|483|1.0
M|q9nqr1|N-lysine methyltransferase KMT5A|other|Homo sapiens|nucleosome:1|bp:1|150|3|202|1.0
A|p84233|Histone H3.2|H3|Xenopus laevis|nucleosome:1|bp:1|0|1|136|1.0
B|p62799|Histone H4|H4|Xenopus laevis|nucleosome:1|bp:1|0|1|103|1.0
C|p0c0s8|Histone H2A type 1|H2A|Homo sapiens|nucleosome:1|bp:1|0|1|130|1.0
D|p62807|Histone H2B type 1-C/E/F/G/I|H2B|Homo sapiens|nucleosome:1|bp:1|0|1|126|1.0
E|p84233|Histone H3.2|H3|Xenopus laevis|nucleosome:1|bp:1|0|1|136|1.0
F|p62799|Histone H4|H4|Xenopus laevis|nucleosome:1|bp:1|0|1|103|1.0
G|p0c0s8|Histone H2A type 1|H2A|Homo sapiens|nucleosome:1|bp:1|0|1|130|1.0
H|p62807|Histone H2B type 1-C/E/F/G/I|H2B|Homo sapiens|nucleosome:1|bp:1|0|1|126|1.0
K|q12888|TP53-binding protein 1|other|Homo sapiens|nucleosome:1|bp:1|78|1|21|1.0
L|q12888|TP53-binding protein 1|other|Homo sapiens|nucleosome:1|bp:1|78|1|21|1.0
M|p0cg47|Polyubiquitin-B|other|Homo sapiens|nucleosome:1|bp:1|0|1|76|1.0
O|p0cg47|Polyubiquitin-B|other|Homo sapiens|nucleosome:1|bp:1|0|1|76|1.0
A|p84233|Histone H3.2|H3|Xenopus laevis|nucleosome:1|bp:1|39|1|97|1.0
B|p62799|Histone H4|H4|Xenopus laevis|nucleosome:1|bp:1|19|1|84|1.0
C|p06897|Histone H2A type 1|H2A|Xenopus laevis|nucleosome:1|bp:1|14|1|105|1.0
D|p02281|Histone H2B 1.1|H2B|Xenopus laevis|nucleosome:1|bp:1|32|1|93|1.0
E|p84233|Histone H3.2|H3|Xenopus laevis|nucleosome:1|bp:1|39|1|97|1.0
F|p62799|Histone H4|H4|Xenopus laevis|nucleosome:1|bp:1|19|1|84|1.0
G|p06897|Histone H2A type 1|H2A|Xenopus laevis|nucleosome:1|bp:1|14|1|105|1.0
H|p02281|Histone H2B 1.1|H2B|Xenopus laevis|nucleosome:1|bp:1|31|1|94|1.0
M|p14349|Gag polyprotein|other|Simian foamy virus|nucleosome:1|bp:1|534|1|17|1.0
A|p84233|Histone H3.2|H3|Xenopus laevis|nucleosome:1|bp:1|0|1|136|1.0
B|p62799|Histone H4|H4|Xenopus laevis|nucleosome:1|bp:1|0|1|103|1.0
C|p06897|Histone H2A type 1|H2A|Xenopus laevis|nucleosome:1|bp:1|0|1|130|1.0
D|p02281|Histone H2B 1.1|H2B|Xenopus laevis|nucleosome:1|bp:1|3|2|123|1.0
E|p84233|Histone H3.2|H3|Xenopus laevis|nucleosome:1|bp:1|0|1|136|1.0
F|p62799|Histone H4|H4|Xenopus laevis|nucleosome:1|bp:1|0|1|103|1.0
G|p06897|Histone H2A type 1|H2A|Xenopus laevis|nucleosome:1|bp:1|0|1|130|1.0
H|p02281|Histone H2B 1.1|H2B|Xenopus laevis|nucleosome:1|bp:1|3|2|122|1.0
W|p32657|Chromo domain-containing protein 1|other|Saccharomyces cerevisiae|nucleosome:1|bp:1|0|1|1468|1.0
A|p84233|Histone H3.2|H3|Xenopus laevis|nucleosome:1|bp:1|0|1|136|1.0
B|p62799|Histone H4|H4|Xenopus laevis|nucleosome:1|bp:1|0|1|103|1.0
C|p06897|Histone H2A type 1|H2A|Xenopus laevis|nucleosome:1|bp:1|0|1|130|1.0
D|p02281|Histone H2B 1.1|H2B|Xenopus laevis|nucleosome:1|bp:1|1|1|125|1.0
E|p84233|Histone H3.2|H3|Xenopus laevis|nucleosome:1|bp:1|0|1|136|1.0
F|p62799|Histone H4|H4|Xenopus laevis|nucleosome:1|bp:1|0|1|103|1.0
G|p06897|Histone H2A type 1|H2A|Xenopus laevis|nucleosome:1|bp:1|0|1|130|1.0
H|p02281|Histone H2B 1.1|H2B|Xenopus laevis|nucleosome:1|bp:1|1|1|125|1.0
O|p22082|Transcription regulatory protein SNF2|other|Saccharomyces cerevisiae|nucleosome:1|bp:1|665|1|735|1.0
A|p84233|Histone H3.2|H3|Xenopus laevis|nucleosome:1|bp:1|1|1|135|1.0
B|p62799|Histone H4|H4|Xenopus laevis|nucleosome:1|bp:1|1|1|102|1.0
C|p06897|Histone H2A type 1|H2A|Xenopus laevis|nucleosome:1|bp:1|1|1|129|1.0
D|p02281|Histone H2B 1.1|H2B|Xenopus laevis|nucleosome:1|bp:1|4|1|122|1.0
E|p84233|Histone H3.2|H3|Xenopus laevis|nucleosome:1|bp:1|1|1|135|1.0
F|p62799|Histone H4|H4|Xenopus laevis|nucleosome:1|bp:1|1|1|102|1.0
G|p06897|Histone H2A type 1|H2A|Xenopus laevis|nucleosome:1|bp:1|1|1|129|1.0
H|p02281|Histone H2B 1.1|H2B|Xenopus laevis|nucleosome:1|bp:1|4|1|122|1.0
O|p22082|Transcription regulatory protein SNF2|other|Saccharomyces cerevisiae|nucleosome:1|bp:1|665|1|735|1.0
A|c4r4y0|DNA-directed RNA polymerase subunit|other|Komagataella phaffii|nucleosome:1|bp:1|0|1|1743|1.0
B|c4qzq7|DNA-directed RNA polymerase subunit beta|other|Komagataella phaffii|nucleosome:1|bp:1|0|1|1227|1.0
C|c4r7l2|RNA polymerase II third largest subunit B44, part of central core|other|Komagataella phaffii|nucleosome:1|bp:1|0|1|304|1.0
D|c4r2u9|RNA polymerase II subunit B32|other|Komagataella phaffii|nucleosome:1|bp:1|0|1|186|1.0
E|c4r3p8|RNA polymerase subunit ABC27, common to RNA polymerases I, II, and III|other|Komagataella phaffii|nucleosome:1|bp:1|0|1|214|1.0
F|c4r1v1|RNA polymerase subunit ABC23, common to RNA polymerases I, II, and III|other|Komagataella phaffii|nucleosome:1|bp:1|0|1|155|1.0
G|c4r9a1|RNA polymerase II subunit|other|Komagataella phaffii|nucleosome:1|bp:1|0|1|171|1.0
H|c4r273|DNA-directed RNA polymerases I, II, and III subunit RPABC3|other|Komagataella phaffii|nucleosome:1|bp:1|0|1|145|1.0
I|f2qpe6|DNA-directed RNA polymerase subunit|other|Komagataella phaffii|nucleosome:1|bp:1|0|1|115|1.0
J|c4r009|RNA polymerase subunit ABC10-beta, common to RNA polymerases I, II, and III|other|Komagataella phaffii|nucleosome:1|bp:1|0|1|72|1.0
K|c4r3z5|RNA polymerase II subunit B12.5|other|Komagataella phaffii|nucleosome:1|bp:1|0|1|118|1.0
L|f2qmi1|RNA polymerase subunit ABC10-alpha|other|Komagataella phaffii|nucleosome:1|bp:1|0|1|72|1.0
a|p84243|Histone H3.3|H3|Homo sapiens|nucleosome:1|bp:1|-3|4|139|1.0
b|p62805|Histone H4|H4|Homo sapiens|nucleosome:1|bp:1|-3|4|106|1.0
c|p04908|Histone H2A type 1-B/E|H2A|Homo sapiens|nucleosome:1|bp:1|-3|4|133|1.0
d|p06899|Histone H2B type 1-J|H2B|Homo sapiens|nucleosome:1|bp:1|-3|4|129|1.0
e|p84243|Histone H3.3|H3|Homo sapiens|nucleosome:1|bp:1|-3|4|139|1.0
f|p62805|Histone H4|H4|Homo sapiens|nucleosome:1|bp:1|-3|4|106|1.0
g|p04908|Histone H2A type 1-B/E|H2A|Homo sapiens|nucleosome:1|bp:1|-3|4|133|1.0
h|p06899|Histone H2B type 1-J|H2B|Homo sapiens|nucleosome:1|bp:1|-3|4|129|1.0
A|c4r4y0|DNA-directed RNA polymerase subunit|other|Komagataella phaffii|nucleosome:1|bp:1|0|1|1743|1.0
B|c4qzq7|DNA-directed RNA polymerase subunit beta|other|Komagataella phaffii|nucleosome:1|bp:1|0|1|1227|1.0
C|c4r7l2|RNA polymerase II third largest subunit B44, part of central core|other|Komagataella phaffii|nucleosome:1|bp:1|0|1|304|1.0
D|c4r2u9|RNA polymerase II subunit B32|other|Komagataella phaffii|nucleosome:1|bp:1|0|1|186|1.0
E|c4r3p8|RNA polymerase subunit ABC27, common to RNA polymerases I, II, and III|other|Komagataella phaffii|nucleosome:1|bp:1|0|1|214|1.0
F|c4r1v1|RNA polymerase subunit ABC23, common to RNA polymerases I, II, and III|other|Komagataella phaffii|nucleosome:1|bp:1|0|1|155|1.0
G|c4r9a1|RNA polymerase II subunit|other|Komagataella phaffii|nucleosome:1|bp:1|0|1|171|1.0
H|c4r273|DNA-directed RNA polymerases I, II, and III subunit RPABC3|other|Komagataella phaffii|nucleosome:1|bp:1|0|1|145|1.0
I|f2qpe6|DNA-directed RNA polymerase subunit|other|Komagataella phaffii|nucleosome:1|bp:1|0|1|115|1.0
J|c4r009|RNA polymerase subunit ABC10-beta, common to RNA polymerases I, II, and III|other|Komagataella phaffii|nucleosome:1|bp:1|0|1|72|1.0
K|c4r3z5|RNA polymerase II subunit B12.5|other|Komagataella phaffii|nucleosome:1|bp:1|0|1|118|1.0
L|f2qmi1|RNA polymerase subunit ABC10-alpha|other|Komagataella phaffii|nucleosome:1|bp:1|0|1|72|1.0
a|p84243|Histone H3.3|H3|Homo sapiens|nucleosome:1|bp:1|-3|4|139|1.0
b|p62805|Histone H4|H4|Homo sapiens|nucleosome:1|bp:1|-3|4|106|1.0
c|p04908|Histone H2A type 1-B/E|H2A|Homo sapiens|nucleosome:1|bp:1|-3|4|133|1.0
d|p06899|Histone H2B type 1-J|H2B|Homo sapiens|nucleosome:1|bp:1|-3|4|129|1.0
e|p84243|Histone H3.3|H3|Homo sapiens|nucleosome:1|bp:1|-3|4|139|1.0
f|p62805|Histone H4|H4|Homo sapiens|nucleosome:1|bp:1|-3|4|106|1.0
g|p04908|Histone H2A type 1-B/E|H2A|Homo sapiens|nucleosome:1|bp:1|-3|4|133|1.0
h|p06899|Histone H2B type 1-J|H2B|Homo sapiens|nucleosome:1|bp:1|-3|4|129|1.0
A|c4r4y0|DNA-directed RNA polymerase subunit|other|Komagataella phaffii|nucleosome:1|bp:1|0|1|1743|1.0
B|c4qzq7|DNA-directed RNA polymerase subunit beta|other|Komagataella phaffii|nucleosome:1|bp:1|0|1|1227|1.0
C|c4r7l2|RNA polymerase II third largest subunit B44, part of central core|other|Komagataella phaffii|nucleosome:1|bp:1|0|1|304|1.0
D|c4r2u9|RNA polymerase II subunit B32|other|Komagataella phaffii|nucleosome:1|bp:1|0|1|186|1.0
E|c4r3p8|RNA polymerase subunit ABC27, common to RNA polymerases I, II, and III|other|Komagataella phaffii|nucleosome:1|bp:1|0|1|214|1.0
F|c4r1v1|RNA polymerase subunit ABC23, common to RNA polymerases I, II, and III|other|Komagataella phaffii|nucleosome:1|bp:1|0|1|155|1.0
G|c4r9a1|RNA polymerase II subunit|other|Komagataella phaffii|nucleosome:1|bp:1|0|1|171|1.0
H|c4r273|DNA-directed RNA polymerases I, II, and III subunit RPABC3|other|Komagataella phaffii|nucleosome:1|bp:1|0|1|145|1.0
I|f2qpe6|DNA-directed RNA polymerase subunit|other|Komagataella phaffii|nucleosome:1|bp:1|0|1|115|1.0
J|c4r009|RNA polymerase subunit ABC10-beta, common to RNA polymerases I, II, and III|other|Komagataella phaffii|nucleosome:1|bp:1|0|1|72|1.0
K|c4r3z5|RNA polymerase II subunit B12.5|other|Komagataella phaffii|nucleosome:1|bp:1|0|1|118|1.0
L|f2qmi1|RNA polymerase subunit ABC10-alpha|other|Komagataella phaffii|nucleosome:1|bp:1|0|1|72|1.0
a|p84243|Histone H3.3|H3|Homo sapiens|nucleosome:1|bp:1|-3|4|139|1.0
b|p62805|Histone H4|H4|Homo sapiens|nucleosome:1|bp:1|-3|4|106|1.0
c|p04908|Histone H2A type 1-B/E|H2A|Homo sapiens|nucleosome:1|bp:1|-3|4|133|1.0
d|p06899|Histone H2B type 1-J|H2B|Homo sapiens|nucleosome:1|bp:1|-3|4|129|1.0
e|p84243|Histone H3.3|H3|Homo sapiens|nucleosome:1|bp:1|-3|4|139|1.0
f|p62805|Histone H4|H4|Homo sapiens|nucleosome:1|bp:1|-3|4|106|1.0
g|p04908|Histone H2A type 1-B/E|H2A|Homo sapiens|nucleosome:1|bp:1|-3|4|133|1.0
h|p06899|Histone H2B type 1-J|H2B|Homo sapiens|nucleosome:1|bp:1|-3|4|129|1.0
A|c4r4y0|DNA-directed RNA polymerase subunit|other|Komagataella phaffii|nucleosome:1|bp:1|0|1|1743|1.0
B|c4qzq7|DNA-directed RNA polymerase subunit beta|other|Komagataella phaffii|nucleosome:1|bp:1|0|1|1227|1.0
C|c4r7l2|RNA polymerase II third largest subunit B44, part of central core|other|Komagataella phaffii|nucleosome:1|bp:1|0|1|304|1.0
D|c4r2u9|RNA polymerase II subunit B32|other|Komagataella phaffii|nucleosome:1|bp:1|0|1|186|1.0
E|c4r3p8|RNA polymerase subunit ABC27, common to RNA polymerases I, II, and III|other|Komagataella phaffii|nucleosome:1|bp:1|0|1|214|1.0
F|c4r1v1|RNA polymerase subunit ABC23, common to RNA polymerases I, II, and III|other|Komagataella phaffii|nucleosome:1|bp:1|0|1|155|1.0
G|c4r9a1|RNA polymerase II subunit|other|Komagataella phaffii|nucleosome:1|bp:1|0|1|171|1.0
H|c4r273|DNA-directed RNA polymerases I, II, and III subunit RPABC3|other|Komagataella phaffii|nucleosome:1|bp:1|0|1|145|1.0
I|f2qpe6|DNA-directed RNA polymerase subunit|other|Komagataella phaffii|nucleosome:1|bp:1|0|1|115|1.0
J|c4r009|RNA polymerase subunit ABC10-beta, common to RNA polymerases I, II, and III|other|Komagataella phaffii|nucleosome:1|bp:1|0|1|72|1.0
K|c4r3z5|RNA polymerase II subunit B12.5|other|Komagataella phaffii|nucleosome:1|bp:1|0|1|118|1.0
L|f2qmi1|RNA polymerase subunit ABC10-alpha|other|Komagataella phaffii|nucleosome:1|bp:1|0|1|72|1.0
a|p84243|Histone H3.3|H3|Homo sapiens|nucleosome:1|bp:1|-3|4|139|1.0
b|p62805|Histone H4|H4|Homo sapiens|nucleosome:1|bp:1|-3|4|106|1.0
c|p04908|Histone H2A type 1-B/E|H2A|Homo sapiens|nucleosome:1|bp:1|-3|4|133|1.0
d|p06899|Histone H2B type 1-J|H2B|Homo sapiens|nucleosome:1|bp:1|-3|4|129|1.0
e|p84243|Histone H3.3|H3|Homo sapiens|nucleosome:1|bp:1|-3|4|139|1.0
f|p62805|Histone H4|H4|Homo sapiens|nucleosome:1|bp:1|-3|4|106|1.0
g|p04908|Histone H2A type 1-B/E|H2A|Homo sapiens|nucleosome:1|bp:1|-3|4|133|1.0
h|p06899|Histone H2B type 1-J|H2B|Homo sapiens|nucleosome:1|bp:1|-3|4|129|1.0
A|c4r4y0|DNA-directed RNA polymerase subunit|other|Komagataella phaffii|nucleosome:1|bp:1|0|1|1743|1.0
B|c4qzq7|DNA-directed RNA polymerase subunit beta|other|Komagataella phaffii|nucleosome:1|bp:1|0|1|1227|1.0
C|c4r7l2|RNA polymerase II third largest subunit B44, part of central core|other|Komagataella phaffii|nucleosome:1|bp:1|0|1|304|1.0
D|c4r2u9|RNA polymerase II subunit B32|other|Komagataella phaffii|nucleosome:1|bp:1|0|1|186|1.0
E|c4r3p8|RNA polymerase subunit ABC27, common to RNA polymerases I, II, and III|other|Komagataella phaffii|nucleosome:1|bp:1|0|1|214|1.0
F|c4r1v1|RNA polymerase subunit ABC23, common to RNA polymerases I, II, and III|other|Komagataella phaffii|nucleosome:1|bp:1|0|1|155|1.0
G|c4r9a1|RNA polymerase II subunit|other|Komagataella phaffii|nucleosome:1|bp:1|0|1|171|1.0
H|c4r273|DNA-directed RNA polymerases I, II, and III subunit RPABC3|other|Komagataella phaffii|nucleosome:1|bp:1|0|1|145|1.0
I|f2qpe6|DNA-directed RNA polymerase subunit|other|Komagataella phaffii|nucleosome:1|bp:1|0|1|115|1.0
J|c4r009|RNA polymerase subunit ABC10-beta, common to RNA polymerases I, II, and III|other|Komagataella phaffii|nucleosome:1|bp:1|0|1|72|1.0
K|c4r3z5|RNA polymerase II subunit B12.5|other|Komagataella phaffii|nucleosome:1|bp:1|0|1|118|1.0
L|f2qmi1|RNA polymerase subunit ABC10-alpha|other|Komagataella phaffii|nucleosome:1|bp:1|0|1|72|1.0
a|p84243|Histone H3.3|H3|Homo sapiens|nucleosome:1|bp:1|-3|4|139|1.0
b|p62805|Histone H4|H4|Homo sapiens|nucleosome:1|bp:1|-3|4|106|1.0
c|p04908|Histone H2A type 1-B/E|H2A|Homo sapiens|nucleosome:1|bp:1|-3|4|133|1.0
d|p06899|Histone H2B type 1-J|H2B|Homo sapiens|nucleosome:1|bp:1|-3|4|129|1.0
e|p84243|Histone H3.3|H3|Homo sapiens|nucleosome:1|bp:1|-3|4|139|1.0
f|p62805|Histone H4|H4|Homo sapiens|nucleosome:1|bp:1|-3|4|106|1.0
g|p04908|Histone H2A type 1-B/E|H2A|Homo sapiens|nucleosome:1|bp:1|-3|4|133|1.0
h|p06899|Histone H2B type 1-J|H2B|Homo sapiens|nucleosome:1|bp:1|-3|4|129|1.0
A|c4r4y0|DNA-directed RNA polymerase subunit|other|Komagataella phaffii|nucleosome:1|bp:1|0|1|1743|1.0
B|c4qzq7|DNA-directed RNA polymerase subunit beta|other|Komagataella phaffii|nucleosome:1|bp:1|0|1|1227|1.0
C|c4r7l2|RNA polymerase II third largest subunit B44, part of central core|other|Komagataella phaffii|nucleosome:1|bp:1|0|1|304|1.0
D|c4r2u9|RNA polymerase II subunit B32|other|Komagataella phaffii|nucleosome:1|bp:1|0|1|186|1.0
E|c4r3p8|RNA polymerase subunit ABC27, common to RNA polymerases I, II, and III|other|Komagataella phaffii|nucleosome:1|bp:1|0|1|214|1.0
F|c4r1v1|RNA polymerase subunit ABC23, common to RNA polymerases I, II, and III|other|Komagataella phaffii|nucleosome:1|bp:1|0|1|155|1.0
G|c4r9a1|RNA polymerase II subunit|other|Komagataella phaffii|nucleosome:1|bp:1|0|1|171|1.0
H|c4r273|DNA-directed RNA polymerases I, II, and III subunit RPABC3|other|Komagataella phaffii|nucleosome:1|bp:1|0|1|145|1.0
I|f2qpe6|DNA-directed RNA polymerase subunit|other|Komagataella phaffii|nucleosome:1|bp:1|0|1|115|1.0
J|c4r009|RNA polymerase subunit ABC10-beta, common to RNA polymerases I, II, and III|other|Komagataella phaffii|nucleosome:1|bp:1|0|1|72|1.0
K|c4r3z5|RNA polymerase II subunit B12.5|other|Komagataella phaffii|nucleosome:1|bp:1|0|1|118|1.0
L|f2qmi1|RNA polymerase subunit ABC10-alpha|other|Komagataella phaffii|nucleosome:1|bp:1|0|1|72|1.0
a|p84243|Histone H3.3|H3|Homo sapiens|nucleosome:1|bp:1|-3|4|139|1.0
b|p62805|Histone H4|H4|Homo sapiens|nucleosome:1|bp:1|-3|4|106|1.0
c|p04908|Histone H2A type 1-B/E|H2A|Homo sapiens|nucleosome:1|bp:1|-3|4|133|1.0
d|p06899|Histone H2B type 1-J|H2B|Homo sapiens|nucleosome:1|bp:1|-3|4|129|1.0
e|p84243|Histone H3.3|H3|Homo sapiens|nucleosome:1|bp:1|-3|4|139|1.0
f|p62805|Histone H4|H4|Homo sapiens|nucleosome:1|bp:1|-3|4|106|1.0
g|p04908|Histone H2A type 1-B/E|H2A|Homo sapiens|nucleosome:1|bp:1|-3|4|133|1.0
h|p06899|Histone H2B type 1-J|H2B|Homo sapiens|nucleosome:1|bp:1|-3|4|129|1.0
A|c4r4y0|DNA-directed RNA polymerase subunit|other|Komagataella phaffii|nucleosome:1|bp:1|0|1|1743|1.0
B|c4qzq7|DNA-directed RNA polymerase subunit beta|other|Komagataella phaffii|nucleosome:1|bp:1|0|1|1227|1.0
C|c4r7l2|RNA polymerase II third largest subunit B44, part of central core|other|Komagataella phaffii|nucleosome:1|bp:1|0|1|304|1.0
D|c4r2u9|RNA polymerase II subunit B32|other|Komagataella phaffii|nucleosome:1|bp:1|0|1|186|1.0
E|c4r3p8|RNA polymerase subunit ABC27, common to RNA polymerases I, II, and III|other|Komagataella phaffii|nucleosome:1|bp:1|0|1|214|1.0
F|c4r1v1|RNA polymerase subunit ABC23, common to RNA polymerases I, II, and III|other|Komagataella phaffii|nucleosome:1|bp:1|0|1|155|1.0
G|c4r9a1|RNA polymerase II subunit|other|Komagataella phaffii|nucleosome:1|bp:1|0|1|171|1.0
H|c4r273|DNA-directed RNA polymerases I, II, and III subunit RPABC3|other|Komagataella phaffii|nucleosome:1|bp:1|0|1|145|1.0
I|f2qpe6|DNA-directed RNA polymerase subunit|other|Komagataella phaffii|nucleosome:1|bp:1|0|1|115|1.0
J|c4r009|RNA polymerase subunit ABC10-beta, common to RNA polymerases I, II, and III|other|Komagataella phaffii|nucleosome:1|bp:1|0|1|72|1.0
K|c4r3z5|RNA polymerase II subunit B12.5|other|Komagataella phaffii|nucleosome:1|bp:1|0|1|118|1.0
L|f2qmi1|RNA polymerase subunit ABC10-alpha|other|Komagataella phaffii|nucleosome:1|bp:1|0|1|72|1.0
a|p84243|Histone H3.3|H3|Homo sapiens|nucleosome:1|bp:1|-3|4|139|1.0
b|p62805|Histone H4|H4|Homo sapiens|nucleosome:1|bp:1|-3|4|106|1.0
c|p04908|Histone H2A type 1-B/E|H2A|Homo sapiens|nucleosome:1|bp:1|-3|4|133|1.0
d|p06899|Histone H2B type 1-J|H2B|Homo sapiens|nucleosome:1|bp:1|-3|4|129|1.0
e|p84243|Histone H3.3|H3|Homo sapiens|nucleosome:1|bp:1|-3|4|139|1.0
f|p62805|Histone H4|H4|Homo sapiens|nucleosome:1|bp:1|-3|4|106|1.0
g|p04908|Histone H2A type 1-B/E|H2A|Homo sapiens|nucleosome:1|bp:1|-3|4|133|1.0
h|p06899|Histone H2B type 1-J|H2B|Homo sapiens|nucleosome:1|bp:1|-3|4|129|1.0
A|p49450|Histone H3-like centromeric protein A|H3|Homo sapiens|nucleosome:1|bp:1|-20|21|160|1.0
B|p62805|Histone H4|H4|Homo sapiens|nucleosome:1|bp:1|0|1|103|1.0
C|p04908|Histone H2A type 1-B/E|H2A|Homo sapiens|nucleosome:1|bp:1|0|1|130|1.0
D|p06899|Histone H2B type 1-J|H2B|Homo sapiens|nucleosome:1|bp:1|0|1|126|1.0
E|p49450|Histone H3-like centromeric protein A|H3|Homo sapiens|nucleosome:1|bp:1|-20|21|160|1.0
F|p62805|Histone H4|H4|Homo sapiens|nucleosome:1|bp:1|0|1|103|1.0
G|p04908|Histone H2A type 1-B/E|H2A|Homo sapiens|nucleosome:1|bp:1|0|1|130|1.0
H|p06899|Histone H2B type 1-J|H2B|Homo sapiens|nucleosome:1|bp:1|0|1|126|1.0
N|p0aey0#q96h22|P0AEY0:#Maltose/maltodextrin-binding periplasmic protein#Q96H22:#Centromere protein N|other|Escherichia coli,Homo sapiens|nucleosome:1|bp:1|14|12|380|-382|383|668|2.0
A|p49450|Histone H3-like centromeric protein A|H3|Homo sapiens|nucleosome:1|bp:1|0|1|140|1.0
B|p62805|Histone H4|H4|Homo sapiens|nucleosome:1|bp:1|0|1|102|1.0
C|q93077|Histone H2A type 1-C|H2A|Homo sapiens|nucleosome:1|bp:1|0|1|130|1.0
D|p62807|Histone H2B type 1-C/E/F/G/I|H2B|Homo sapiens|nucleosome:1|bp:1|0|1|126|1.0
E|p49450|Histone H3-like centromeric protein A|H3|Homo sapiens|nucleosome:1|bp:1|0|1|140|1.0
F|p62805|Histone H4|H4|Homo sapiens|nucleosome:1|bp:1|0|1|102|1.0
G|q93077|Histone H2A type 1-C|H2A|Homo sapiens|nucleosome:1|bp:1|0|1|130|1.0
H|p62807|Histone H2B type 1-C/E/F/G/I|H2B|Homo sapiens|nucleosome:1|bp:1|0|1|126|1.0
K|q96h22|Centromere protein N|other|Homo sapiens|nucleosome:1|bp:1|0|1|289|1.0
A|g0ryi5|RuvB-like helicase|other|Chaetomium thermophilum|nucleosome:1|bp:1|0|1|462|1.0
B|g0ryi5|RuvB-like helicase|other|Chaetomium thermophilum|nucleosome:1|bp:1|0|1|462|1.0
C|g0ryi5|RuvB-like helicase|other|Chaetomium thermophilum|nucleosome:1|bp:1|0|1|462|1.0
D|g0ryc2|RuvB-like helicase|other|Chaetomium thermophilum|nucleosome:1|bp:1|0|1|488|1.0
E|g0ryc2|RuvB-like helicase|other|Chaetomium thermophilum|nucleosome:1|bp:1|0|1|488|1.0
F|g0ryc2|RuvB-like helicase|other|Chaetomium thermophilum|nucleosome:1|bp:1|0|1|488|1.0
G||Ino80|other|Chaetomium thermophilum|nucleosome:1|bp:1|0|1|1856|1.0
H|g0ry01|les2|other|Chaetomium thermophilum|nucleosome:1|bp:1|0|1|382|1|383|413|1|414|491|3.0
I|g0s590|Ies6|other|Chaetomium thermophilum|nucleosome:1|bp:1|0|1|219|1.0
J|g0s589|Actin related protein 5|other|Chaetomium thermophilum|nucleosome:1|bp:1|97|1|470|0|471|498|-1|499|503|-6|504|520|96|521|571|-52|572|586|96|587|770|7.0
M|q71di3|Histone H3.2|H3|Homo sapiens|nucleosome:1|bp:1|1|1|135|1.0
N|p62805|Histone H4|H4|Homo sapiens|nucleosome:1|bp:1|1|1|102|1.0
O|p0c0s8|Histone H2A type 1|H2A|Homo sapiens|nucleosome:1|bp:1|1|1|129|1.0
P|p62807|Histone H2B type 1-C/E/F/G/I|H2B|Homo sapiens|nucleosome:1|bp:1|1|1|125|1.0
Q|q71di3|Histone H3.2|H3|Homo sapiens|nucleosome:1|bp:1|1|1|135|1.0
R|p62805|Histone H4|H4|Homo sapiens|nucleosome:1|bp:1|1|1|102|1.0
S|p0c0s8|Histone H2A type 1|H2A|Homo sapiens|nucleosome:1|bp:1|1|1|129|1.0
T|p62807|Histone H2B type 1-C/E/F/G/I|H2B|Homo sapiens|nucleosome:1|bp:1|1|1|125|1.0
A|s4raz3|Histone H3|H3|Petromyzon marinus|nucleosome:1|bp:1|61|1|97|1.0
B|p62799|Histone H4|H4|Xenopus laevis|nucleosome:1|bp:1|0|1|103|1.0
C|p06897|Histone H2A type 1|H2A|Xenopus laevis|nucleosome:1|bp:1|0|1|130|1.0
D|q28d68|Histone H2B|H2B|Xenopus tropicalis|nucleosome:1|bp:1|0|1|126|1.0
E|p02302|Histone H3.3C|H3|Xenopus laevis|nucleosome:1|bp:1|26|4|110|1.0
F|p62799|Histone H4|H4|Xenopus laevis|nucleosome:1|bp:1|0|1|103|1.0
G|p06897|Histone H2A type 1|H2A|Xenopus laevis|nucleosome:1|bp:1|0|1|130|1.0
H|q28d68|Histone H2B|H2B|Xenopus tropicalis|nucleosome:1|bp:1|0|1|126|1.0
N|p0cg47|Polyubiquitin-B|other|Homo sapiens|nucleosome:1|bp:1|0|1|76|1.0
O|p0cg47|Polyubiquitin-B|other|Homo sapiens|nucleosome:1|bp:1|0|1|76|1.0
W|p32657|Chromo domain-containing protein 1|other|Saccharomyces cerevisiae|nucleosome:1|bp:1|174|1|878|1.0
A|q92133|Histone H3|H3|Xenopus laevis|nucleosome:1|bp:1|0|1|136|1.0
B|p62799|Histone H4|H4|Xenopus laevis|nucleosome:1|bp:1|0|1|103|1.0
C|p06897|Histone H2A type 1|H2A|Xenopus laevis|nucleosome:1|bp:1|0|1|130|1.0
D|a0a1l8g0x3|Histone H4|H4|Xenopus laevis|nucleosome:1|bp:1|0|1|126|1.0
E|q92133|Histone H3|H3|Xenopus laevis|nucleosome:1|bp:1|0|1|136|1.0
F|p62799|Histone H4|H4|Xenopus laevis|nucleosome:1|bp:1|0|1|103|1.0
G|p06897|Histone H2A type 1|H2A|Xenopus laevis|nucleosome:1|bp:1|0|1|130|1.0
H|a0a1l8g0x3|Histone H4|H4|Xenopus laevis|nucleosome:1|bp:1|0|1|126|1.0
M|p32657|Chromo domain-containing protein 1|other|Saccharomyces cerevisiae|nucleosome:1|bp:1|0|1|1468|1.0
W|p32657|Chromo domain-containing protein 1|other|Saccharomyces cerevisiae|nucleosome:1|bp:1|0|1|1468|1.0
A|p61830|Histone H3|H3|Saccharomyces cerevisiae|nucleosome:1|bp:1|0|1|136|1.0
B|p61830|Histone H3|H3|Saccharomyces cerevisiae|nucleosome:1|bp:1|0|1|136|1.0
C|p02309|Histone H4|H4|Saccharomyces cerevisiae|nucleosome:1|bp:1|0|1|103|1.0
D|p02309|Histone H4|H4|Saccharomyces cerevisiae|nucleosome:1|bp:1|0|1|103|1.0
E|p04911|Histone H2A.1|H2A|Saccharomyces cerevisiae|nucleosome:1|bp:1|0|1|132|1.0
F|p04911|Histone H2A.1|H2A|Saccharomyces cerevisiae|nucleosome:1|bp:1|0|1|132|1.0
G|p02293|Histone H2B.1|H2B|Saccharomyces cerevisiae|nucleosome:1|bp:1|0|1|131|1.0
H|p02293|Histone H2B.1|H2B|Saccharomyces cerevisiae|nucleosome:1|bp:1|0|1|131|1.0
M|q05471|Helicase SWR1|other|Saccharomyces cerevisiae|nucleosome:1|bp:1|0|1|1514|1.0
R|q12509|Actin-like protein ARP6|other|Saccharomyces cerevisiae|nucleosome:1|bp:1|0|1|438|1.0
S|q03433|Vacuolar protein sorting-associated protein 71|other|Saccharomyces cerevisiae|nucleosome:1|bp:1|0|1|280|1.0
T|q03940|RuvB-like protein 1|other|Saccharomyces cerevisiae|nucleosome:1|bp:1|0|1|463|1.0
U|q12464|RuvB-like protein 2|other|Saccharomyces cerevisiae|nucleosome:1|bp:1|0|1|471|1.0
V|q03940|RuvB-like protein 1|other|Saccharomyces cerevisiae|nucleosome:1|bp:1|0|1|463|1.0
W|q12464|RuvB-like protein 2|other|Saccharomyces cerevisiae|nucleosome:1|bp:1|0|1|471|1.0
X|q03940|RuvB-like protein 1|other|Saccharomyces cerevisiae|nucleosome:1|bp:1|0|1|463|1.0
Y|q12464|RuvB-like protein 2|other|Saccharomyces cerevisiae|nucleosome:1|bp:1|0|1|471|1.0
A|p61830|Histone H3|H3|Saccharomyces cerevisiae|nucleosome:1|bp:1|0|1|136|1.0
B|p61830|Histone H3|H3|Saccharomyces cerevisiae|nucleosome:1|bp:1|0|1|136|1.0
C|p02309|Histone H4|H4|Saccharomyces cerevisiae|nucleosome:1|bp:1|0|1|103|1.0
D|p02309|Histone H4|H4|Saccharomyces cerevisiae|nucleosome:1|bp:1|0|1|103|1.0
E|p04911|Histone H2A.1|H2A|Saccharomyces cerevisiae|nucleosome:1|bp:1|0|1|132|1.0
F|p04911|Histone H2A.1|H2A|Saccharomyces cerevisiae|nucleosome:1|bp:1|0|1|132|1.0
G|p02293|Histone H2B.1|H2B|Saccharomyces cerevisiae|nucleosome:1|bp:1|0|1|131|1.0
H|p02293|Histone H2B.1|H2B|Saccharomyces cerevisiae|nucleosome:1|bp:1|0|1|131|1.0
M|q05471|Helicase SWR1|other|Saccharomyces cerevisiae|nucleosome:1|bp:1|0|1|1514|1.0
R|q12509|Actin-like protein ARP6|other|Saccharomyces cerevisiae|nucleosome:1|bp:1|0|1|438|1.0
S|q03433|Vacuolar protein sorting-associated protein 71|other|Saccharomyces cerevisiae|nucleosome:1|bp:1|0|1|280|1.0
T|q03940|RuvB-like protein 1|other|Saccharomyces cerevisiae|nucleosome:1|bp:1|0|1|463|1.0
U|q12464|RuvB-like protein 2|other|Saccharomyces cerevisiae|nucleosome:1|bp:1|0|1|471|1.0
V|q03940|RuvB-like protein 1|other|Saccharomyces cerevisiae|nucleosome:1|bp:1|0|1|463|1.0
W|q12464|RuvB-like protein 2|other|Saccharomyces cerevisiae|nucleosome:1|bp:1|0|1|471|1.0
X|q03940|RuvB-like protein 1|other|Saccharomyces cerevisiae|nucleosome:1|bp:1|0|1|463|1.0
Y|q12464|RuvB-like protein 2|other|Saccharomyces cerevisiae|nucleosome:1|bp:1|0|1|471|1.0
A|q9y265|RuvB-like 1|other|Homo sapiens|nucleosome:1|bp:1|0|1|456|1.0
B|q9y230|RuvB-like 2|other|Homo sapiens|nucleosome:1|bp:1|0|1|463|1.0
C|q9y265|RuvB-like 1|other|Homo sapiens|nucleosome:1|bp:1|0|1|456|1.0
D|q9y230|RuvB-like 2|other|Homo sapiens|nucleosome:1|bp:1|0|1|463|1.0
E|q9y265|RuvB-like 1|other|Homo sapiens|nucleosome:1|bp:1|0|1|456|1.0
F|q9y230|RuvB-like 2|other|Homo sapiens|nucleosome:1|bp:1|0|1|463|1.0
G|q9ulg1|Chromatin-remodeling ATPase INO80|other|Homo sapiens|nucleosome:1|bp:1|266|1|1290|1.0
H|q9h9f9|Actin-related protein 5|other|Homo sapiens|nucleosome:1|bp:1|0|1|607|1.0
I|p68431|Histone H3.1|H3|Homo sapiens|nucleosome:1|bp:1|0|1|136|1.0
J|p62805|Histone H4|H4|Homo sapiens|nucleosome:1|bp:1|0|1|103|1.0
K|p04908|Histone H2A type 1-B/E|H2A|Homo sapiens|nucleosome:1|bp:1|0|1|130|1.0
L|p06899|Histone H2B type 1-J|H2B|Homo sapiens|nucleosome:1|bp:1|0|1|126|1.0
M|p68431|Histone H3.1|H3|Homo sapiens|nucleosome:1|bp:1|0|1|136|1.0
N|p62805|Histone H4|H4|Homo sapiens|nucleosome:1|bp:1|0|1|103|1.0
O|p04908|Histone H2A type 1-B/E|H2A|Homo sapiens|nucleosome:1|bp:1|0|1|130|1.0
P|p06899|Histone H2B type 1-J|H2B|Homo sapiens|nucleosome:1|bp:1|0|1|126|1.0
R|q9c086|INO80 complex subunit B|other|Homo sapiens|nucleosome:1|bp:1|0|1|356|1.0
A|p04050|DNA-directed RNA polymerase II subunit RPB1|other|Saccharomyces cerevisiae|nucleosome:1|bp:1|0|1|1733|1.0
B|p08518|DNA-directed RNA polymerase II subunit RPB2|other|Saccharomyces cerevisiae|nucleosome:1|bp:1|0|1|1224|1.0
C|p16370|DNA-directed RNA polymerase II subunit RPB3|other|Saccharomyces cerevisiae|nucleosome:1|bp:1|-30|31|348|1.0
D|p20433|DNA-directed RNA polymerase II subunit RPB4|other|Saccharomyces cerevisiae|nucleosome:1|bp:1|0|1|221|1.0
E|p20434|DNA-directed RNA polymerases I, II, and III subunit RPABC1|other|Saccharomyces cerevisiae|nucleosome:1|bp:1|0|1|215|1.0
F|p20435|DNA-directed RNA polymerases I, II, and III subunit RPABC2|other|Saccharomyces cerevisiae|nucleosome:1|bp:1|0|1|155|1.0
G|p34087|DNA-directed RNA polymerase II subunit RPB7|other|Saccharomyces cerevisiae|nucleosome:1|bp:1|0|1|171|1.0
H|p20436|DNA-directed RNA polymerases I, II, and III subunit RPABC3|other|Saccharomyces cerevisiae|nucleosome:1|bp:1|0|1|146|1.0
I|p27999|DNA-directed RNA polymerase II subunit RPB9|other|Saccharomyces cerevisiae|nucleosome:1|bp:1|0|1|122|1.0
J|p22139|DNA-directed RNA polymerases I, II, and III subunit RPABC5|other|Saccharomyces cerevisiae|nucleosome:1|bp:1|0|1|70|1.0
K|p38902|DNA-directed RNA polymerase II subunit RPB11|other|Saccharomyces cerevisiae|nucleosome:1|bp:1|0|1|120|1.0
L|p40422|DNA-directed RNA polymerases I, II, and III subunit RPABC4|other|Saccharomyces cerevisiae|nucleosome:1|bp:1|0|1|70|1.0
M|p84233|Histone H3.2|H3|Xenopus laevis|nucleosome:1|bp:1|0|1|136|1.0
O|p62799|Histone H4|H4|Xenopus laevis|nucleosome:1|bp:1|0|1|103|1.0
Q|p06897|Histone H2A type 1|H2A|Xenopus laevis|nucleosome:1|bp:1|0|1|130|1.0
R|p02281|Histone H2B 1.1|H2B|Xenopus laevis|nucleosome:1|bp:1|3|2|123|1.0
S|p84233|Histone H3.2|H3|Xenopus laevis|nucleosome:1|bp:1|0|1|136|1.0
U|p62799|Histone H4|H4|Xenopus laevis|nucleosome:1|bp:1|0|1|103|1.0
V|p06897|Histone H2A type 1|H2A|Xenopus laevis|nucleosome:1|bp:1|0|1|130|1.0
W|p02281|Histone H2B 1.1|H2B|Xenopus laevis|nucleosome:1|bp:1|3|2|123|1.0
A|c4r4y0|DNA-directed RNA polymerase subunit|other|Linanthus concinnus|nucleosome:1|bp:1|0|1|1743|1.0
B|c4qzq7|DNA-directed RNA polymerase subunit beta|other|Komagataella phaffii|nucleosome:1|bp:1|0|1|1227|1.0
C|c4r7l2|RNA polymerase II third largest subunit B44, part of central core|other|Komagataella phaffii|nucleosome:1|bp:1|0|1|304|1.0
D|c4r2u9|RNA polymerase II subunit B32|other|Komagataella phaffii|nucleosome:1|bp:1|0|1|186|1.0
E|c4r3p8|RNA polymerase subunit ABC27, common to RNA polymerases I, II, and III|other|Komagataella phaffii|nucleosome:1|bp:1|0|1|214|1.0
F|c4r1v1|RNA polymerase subunit ABC23, common to RNA polymerases I, II, and III|other|Komagataella phaffii|nucleosome:1|bp:1|0|1|155|1.0
G|c4r9a1|RNA polymerase II subunit|other|Komagataella phaffii|nucleosome:1|bp:1|0|1|171|1.0
H|c4r273|DNA-directed RNA polymerases I, II, and III subunit RPABC3|other|Komagataella phaffii|nucleosome:1|bp:1|0|1|145|1.0
I|f2qpe6|DNA-directed RNA polymerase subunit|other|Komagataella phaffii|nucleosome:1|bp:1|0|1|115|1.0
J|c4r009|RNA polymerase subunit ABC10-beta, common to RNA polymerases I, II, and III|other|Komagataella phaffii|nucleosome:1|bp:1|0|1|72|1.0
K|c4r3z5|RNA polymerase II subunit B12.5|other|Komagataella phaffii|nucleosome:1|bp:1|0|1|118|1.0
L|f2qmi1|RNA polymerase subunit ABC10-alpha|other|Komagataella phaffii|nucleosome:1|bp:1|0|1|72|1.0
M|c4qz45|Transcription elongation factor 1 homolog|other|Komagataella phaffii|nucleosome:1|bp:1|-3|4|113|1.0
V|c4r0e6|Transcription elongation factor SPT4|other|Komagataella phaffii|nucleosome:1|bp:1|6|2|108|1.0
W|c4r370|Spt5|other|Komagataella phaffii|nucleosome:1|bp:1|-3|4|911|1.0
a|p84243|Histone H3.3|H3|Homo sapiens|nucleosome:1|bp:1|-3|4|139|1.0
b|p62805|Histone H4|H4|Homo sapiens|nucleosome:1|bp:1|-3|4|106|1.0
c|p04908|Histone H2A type 1-B/E|H2A|Homo sapiens|nucleosome:1|bp:1|-3|4|133|1.0
d|p06899|Histone H2B type 1-J|H2B|Homo sapiens|nucleosome:1|bp:1|-3|4|129|1.0
e|p84243|Histone H3.3|H3|Homo sapiens|nucleosome:1|bp:1|-3|4|139|1.0
f|p62805|Histone H4|H4|Homo sapiens|nucleosome:1|bp:1|-3|4|106|1.0
g|p04908|Histone H2A type 1-B/E|H2A|Homo sapiens|nucleosome:1|bp:1|-3|4|133|1.0
h|p06899|Histone H2B type 1-J|H2B|Homo sapiens|nucleosome:1|bp:1|-3|4|129|1.0
A|c4r4y0|DNA-directed RNA polymerase subunit|other|Komagataella phaffii|nucleosome:1|bp:1|0|1|1743|1.0
B|c4qzq7|DNA-directed RNA polymerase subunit beta|other|Komagataella phaffii|nucleosome:1|bp:1|0|1|1227|1.0
C|c4r7l2|RNA polymerase II third largest subunit B44, part of central core|other|Komagataella phaffii|nucleosome:1|bp:1|0|1|304|1.0
D|c4r2u9|RNA polymerase II subunit B32|other|Komagataella phaffii|nucleosome:1|bp:1|0|1|186|1.0
E|c4r3p8|RNA polymerase subunit ABC27, common to RNA polymerases I, II, and III|other|Komagataella phaffii|nucleosome:1|bp:1|0|1|214|1.0
F|c4r1v1|RNA polymerase subunit ABC23, common to RNA polymerases I, II, and III|other|Komagataella phaffii|nucleosome:1|bp:1|0|1|155|1.0
G|c4r9a1|RNA polymerase II subunit|other|Komagataella phaffii|nucleosome:1|bp:1|0|1|171|1.0
H|c4r273|DNA-directed RNA polymerases I, II, and III subunit RPABC3|other|Komagataella phaffii|nucleosome:1|bp:1|0|1|145|1.0
I|f2qpe6|DNA-directed RNA polymerase subunit|other|Komagataella phaffii|nucleosome:1|bp:1|0|1|115|1.0
J|f2qtn1|RNA polymerase subunit ABC10-beta|other|Komagataella phaffii|nucleosome:1|bp:1|0|1|72|1.0
K|c4r3z5|RNA polymerase II subunit B12.5|other|Komagataella phaffii|nucleosome:1|bp:1|0|1|118|1.0
L|f2qmi1|RNA polymerase subunit ABC10-alpha|other|Komagataella phaffii|nucleosome:1|bp:1|0|1|72|1.0
M|c4qz45|Transcription elongation factor 1 homolog|other|Komagataella phaffii|nucleosome:1|bp:1|-3|4|113|1.0
V|c4r0e6|Transcription elongation factor SPT4|other|Komagataella phaffii|nucleosome:1|bp:1|6|2|108|1.0
W|c4r370|Spt5|other|Komagataella pastoris|nucleosome:1|bp:1|-3|4|911|1.0
a|p84243|Histone H3.3|H3|Homo sapiens|nucleosome:1|bp:1|-3|4|139|1.0
b|p62805|Histone H4|H4|Homo sapiens|nucleosome:1|bp:1|-3|4|106|1.0
c|p04908|Histone H2A type 1-B/E|H2A|Homo sapiens|nucleosome:1|bp:1|-3|4|133|1.0
d|p06899|Histone H2B type 1-J|H2B|Homo sapiens|nucleosome:1|bp:1|-3|4|129|1.0
e|p84243|Histone H3.3|H3|Homo sapiens|nucleosome:1|bp:1|-3|4|139|1.0
f|p62805|Histone H4|H4|Homo sapiens|nucleosome:1|bp:1|-3|4|106|1.0
g|p04908|Histone H2A type 1-B/E|H2A|Homo sapiens|nucleosome:1|bp:1|-3|4|133|1.0
h|p06899|Histone H2B type 1-J|H2B|Homo sapiens|nucleosome:1|bp:1|-3|4|129|1.0
A|c4r4y0|DNA-directed RNA polymerase subunit|other|Komagataella phaffii|nucleosome:1|bp:1|0|1|1743|1.0
B|c4qzq7|DNA-directed RNA polymerase subunit beta|other|Komagataella phaffii|nucleosome:1|bp:1|0|1|1227|1.0
C|c4r7l2|RNA polymerase II third largest subunit B44, part of central core|other|Komagataella phaffii|nucleosome:1|bp:1|0|1|304|1.0
D|c4r2u9|RNA polymerase II subunit B32|other|Komagataella phaffii|nucleosome:1|bp:1|0|1|186|1.0
E|c4r3p8|RNA polymerase subunit ABC27, common to RNA polymerases I, II, and III|other|Komagataella phaffii|nucleosome:1|bp:1|0|1|214|1.0
F|c4r1v1|RNA polymerase subunit ABC23, common to RNA polymerases I, II, and III|other|Komagataella phaffii|nucleosome:1|bp:1|0|1|155|1.0
G|c4r9a1|RNA polymerase II subunit|other|Komagataella phaffii|nucleosome:1|bp:1|0|1|171|1.0
H|c4r273|DNA-directed RNA polymerases I, II, and III subunit RPABC3|other|Komagataella phaffii|nucleosome:1|bp:1|0|1|145|1.0
I|f2qpe6|DNA-directed RNA polymerase subunit|other|Komagataella phaffii|nucleosome:1|bp:1|0|1|115|1.0
J|c4r009|RNA polymerase subunit ABC10-beta, common to RNA polymerases I, II, and III|other|Komagataella phaffii|nucleosome:1|bp:1|0|1|72|1.0
K|c4r3z5|RNA polymerase II subunit B12.5|other|Komagataella phaffii|nucleosome:1|bp:1|0|1|118|1.0
L|f2qmi1|RNA polymerase subunit ABC10-alpha|other|Komagataella phaffii|nucleosome:1|bp:1|0|1|72|1.0
M|c4qz45|Transcription elongation factor 1 homolog|other|Komagataella phaffii|nucleosome:1|bp:1|-3|4|113|1.0
V|c4r0e6|Transcription elongation factor SPT4|other|Komagataella phaffii|nucleosome:1|bp:1|6|2|108|1.0
W|c4r370|Protein that forms a complex with Spt4p|other|Komagataella phaffii|nucleosome:1|bp:1|-3|4|911|1.0
a|p84243|Histone H3.3|H3|Homo sapiens|nucleosome:1|bp:1|-3|4|139|1.0
b|p62805|Histone H4|H4|Homo sapiens|nucleosome:1|bp:1|-3|4|106|1.0
c|p04908|Histone H2A type 1-B/E|H2A|Homo sapiens|nucleosome:1|bp:1|-3|4|133|1.0
d|p06899|Histone H2B type 1-J|H2B|Homo sapiens|nucleosome:1|bp:1|-3|4|129|1.0
e|p84243|Histone H3.3|H3|Homo sapiens|nucleosome:1|bp:1|-3|4|139|1.0
f|p62805|Histone H4|H4|Homo sapiens|nucleosome:1|bp:1|-3|4|106|1.0
g|p04908|Histone H2A type 1-B/E|H2A|Homo sapiens|nucleosome:1|bp:1|-3|4|133|1.0
h|p06899|Histone H2B type 1-J|H2B|Homo sapiens|nucleosome:1|bp:1|-3|4|129|1.0
A|c4r4y0|DNA-directed RNA polymerase subunit|other|Komagataella phaffii|nucleosome:1|bp:1|0|1|1743|1.0
B|c4qzq7|DNA-directed RNA polymerase subunit beta|other|Komagataella phaffii|nucleosome:1|bp:1|0|1|1227|1.0
C|c4r7l2|RNA polymerase II third largest subunit B44, part of central core|other|Komagataella phaffii|nucleosome:1|bp:1|0|1|304|1.0
D|c4r2u9|RNA polymerase II subunit B32|other|Komagataella phaffii|nucleosome:1|bp:1|0|1|186|1.0
E|c4r3p8|RNA polymerase subunit ABC27, common to RNA polymerases I, II, and III|other|Komagataella phaffii|nucleosome:1|bp:1|0|1|214|1.0
F|c4r1v1|RNA polymerase subunit ABC23, common to RNA polymerases I, II, and III|other|Komagataella phaffii|nucleosome:1|bp:1|0|1|155|1.0
G|c4r9a1|RNA polymerase II subunit|other|Komagataella phaffii|nucleosome:1|bp:1|0|1|171|1.0
H|c4r273|DNA-directed RNA polymerases I, II, and III subunit RPABC3|other|Komagataella phaffii|nucleosome:1|bp:1|0|1|145|1.0
I|f2qpe6|DNA-directed RNA polymerase subunit|other|Komagataella phaffii|nucleosome:1|bp:1|0|1|115|1.0
J|c4r009|RNA polymerase subunit ABC10-beta, common to RNA polymerases I, II, and III|other|Komagataella phaffii|nucleosome:1|bp:1|0|1|72|1.0
K|c4r3z5|RNA polymerase II subunit B12.5|other|Komagataella phaffii|nucleosome:1|bp:1|0|1|118|1.0
L|f2qmi1|RNA polymerase subunit ABC10-alpha|other|Komagataella phaffii|nucleosome:1|bp:1|0|1|72|1.0
M|c4qz45|Transcription elongation factor 1 homolog|other|Komagataella phaffii|nucleosome:1|bp:1|-3|4|113|1.0
V|c4r0e6|Transcription elongation factor SPT4|other|Komagataella phaffii|nucleosome:1|bp:1|6|2|108|1.0
W|c4r370|Protein that forms a complex with Spt4p|other|Komagataella phaffii|nucleosome:1|bp:1|-3|4|911|1.0
a|p84243|Histone H3.3|H3|Homo sapiens|nucleosome:1|bp:1|-3|4|139|1.0
b|p62805|Histone H4|H4|Homo sapiens|nucleosome:1|bp:1|-3|4|106|1.0
c|p04908|Histone H2A type 1-B/E|H2A|Homo sapiens|nucleosome:1|bp:1|-3|4|133|1.0
d|p06899|Histone H2B type 1-J|H2B|Homo sapiens|nucleosome:1|bp:1|-3|4|129|1.0
e|p84243|Histone H3.3|H3|Homo sapiens|nucleosome:1|bp:1|-3|4|139|1.0
f|p62805|Histone H4|H4|Homo sapiens|nucleosome:1|bp:1|-3|4|106|1.0
g|p04908|Histone H2A type 1-B/E|H2A|Homo sapiens|nucleosome:1|bp:1|-3|4|133|1.0
h|p06899|Histone H2B type 1-J|H2B|Homo sapiens|nucleosome:1|bp:1|-3|4|129|1.0
A|c4r4y0|DNA-directed RNA polymerase subunit|other|Komagataella phaffii|nucleosome:1|bp:1|0|1|1743|1.0
B|c4qzq7|DNA-directed RNA polymerase subunit beta|other|Komagataella phaffii|nucleosome:1|bp:1|0|1|1227|1.0
C|c4r7l2|RNA polymerase II third largest subunit B44, part of central core|other|Komagataella phaffii|nucleosome:1|bp:1|0|1|304|1.0
D|c4r2u9|RNA polymerase II subunit B32|other|Komagataella phaffii|nucleosome:1|bp:1|0|1|186|1.0
E|c4r3p8|RNA polymerase subunit ABC27, common to RNA polymerases I, II, and III|other|Komagataella phaffii|nucleosome:1|bp:1|0|1|214|1.0
F|c4r1v1|RNA polymerase subunit ABC23, common to RNA polymerases I, II, and III|other|Komagataella phaffii|nucleosome:1|bp:1|0|1|155|1.0
G|c4r9a1|RNA polymerase II subunit|other|Komagataella phaffii|nucleosome:1|bp:1|0|1|171|1.0
H|c4r273|DNA-directed RNA polymerases I, II, and III subunit RPABC3|other|Komagataella phaffii|nucleosome:1|bp:1|0|1|145|1.0
I|f2qpe6|DNA-directed RNA polymerase subunit|other|Komagataella phaffii|nucleosome:1|bp:1|0|1|115|1.0
J|c4r009|RNA polymerase subunit ABC10-beta, common to RNA polymerases I, II, and III|other|Komagataella phaffii|nucleosome:1|bp:1|0|1|72|1.0
K|c4r3z5|RNA polymerase II subunit B12.5|other|Komagataella phaffii|nucleosome:1|bp:1|0|1|118|1.0
L|f2qmi1|RNA polymerase subunit ABC10-alpha|other|Komagataella phaffii|nucleosome:1|bp:1|0|1|72|1.0
V|c4r0e6|Transcription elongation factor SPT4|other|Komagataella phaffii|nucleosome:1|bp:1|6|2|108|1.0
W|c4r370|Spt5|other|Komagataella pastoris|nucleosome:1|bp:1|-3|4|911|1.0
a|p84243|Histone H3.3|H3|Homo sapiens|nucleosome:1|bp:1|-3|4|139|1.0
b|p62805|Histone H4|H4|Homo sapiens|nucleosome:1|bp:1|-3|4|106|1.0
c|p04908|Histone H2A type 1-B/E|H2A|Homo sapiens|nucleosome:1|bp:1|-3|4|133|1.0
d|p06899|Histone H2B type 1-J|H2B|Homo sapiens|nucleosome:1|bp:1|-3|4|129|1.0
e|p84243|Histone H3.3|H3|Homo sapiens|nucleosome:1|bp:1|-3|4|139|1.0
f|p62805|Histone H4|H4|Homo sapiens|nucleosome:1|bp:1|-3|4|106|1.0
g|p04908|Histone H2A type 1-B/E|H2A|Homo sapiens|nucleosome:1|bp:1|-3|4|133|1.0
h|p06899|Histone H2B type 1-J|H2B|Homo sapiens|nucleosome:1|bp:1|-3|4|129|1.0
A|c4r4y0|DNA-directed RNA polymerase subunit|other|Komagataella phaffii|nucleosome:1|bp:1|0|1|1743|1.0
B|c4qzq7|DNA-directed RNA polymerase subunit beta|other|Komagataella phaffii|nucleosome:1|bp:1|0|1|1227|1.0
C|c4r7l2|RNA polymerase II third largest subunit B44, part of central core|other|Komagataella phaffii|nucleosome:1|bp:1|0|1|304|1.0
D|c4r2u9|RNA polymerase II subunit B32|other|Komagataella phaffii|nucleosome:1|bp:1|0|1|186|1.0
E|c4r3p8|RNA polymerase subunit ABC27, common to RNA polymerases I, II, and III|other|Komagataella phaffii|nucleosome:1|bp:1|0|1|214|1.0
F|c4r1v1|RNA polymerase subunit ABC23, common to RNA polymerases I, II, and III|other|Komagataella phaffii|nucleosome:1|bp:1|0|1|155|1.0
G|c4r9a1|RNA polymerase II subunit|other|Komagataella phaffii|nucleosome:1|bp:1|0|1|171|1.0
H|c4r273|DNA-directed RNA polymerases I, II, and III subunit RPABC3|other|Komagataella phaffii|nucleosome:1|bp:1|0|1|145|1.0
I|f2qpe6|DNA-directed RNA polymerase subunit|other|Komagataella phaffii|nucleosome:1|bp:1|0|1|115|1.0
J|c4r009|RNA polymerase subunit ABC10-beta, common to RNA polymerases I, II, and III|other|Komagataella phaffii|nucleosome:1|bp:1|0|1|72|1.0
K|c4r3z5|RNA polymerase II subunit B12.5|other|Komagataella phaffii|nucleosome:1|bp:1|0|1|118|1.0
L|f2qmi1|RNA polymerase subunit ABC10-alpha|other|Komagataella phaffii|nucleosome:1|bp:1|0|1|72|1.0
V|c4r0e6|Transcription elongation factor SPT4|other|Komagataella phaffii|nucleosome:1|bp:1|6|2|108|1.0
W|c4r370|Protein that forms a complex with Spt4p|other|Komagataella phaffii|nucleosome:1|bp:1|-3|4|911|1.0
a|p84243|Histone H3.3|H3|Homo sapiens|nucleosome:1|bp:1|-3|4|139|1.0
b|p62805|Histone H4|H4|Homo sapiens|nucleosome:1|bp:1|-3|4|106|1.0
c|p04908|Histone H2A type 1-B/E|H2A|Homo sapiens|nucleosome:1|bp:1|-3|4|133|1.0
d|p06899|Histone H2B type 1-J|H2B|Homo sapiens|nucleosome:1|bp:1|-3|4|129|1.0
e|p84243|Histone H3.3|H3|Homo sapiens|nucleosome:1|bp:1|-3|4|139|1.0
f|p62805|Histone H4|H4|Homo sapiens|nucleosome:1|bp:1|-3|4|106|1.0
g|p04908|Histone H2A type 1-B/E|H2A|Homo sapiens|nucleosome:1|bp:1|-3|4|133|1.0
h|p06899|Histone H2B type 1-J|H2B|Homo sapiens|nucleosome:1|bp:1|-3|4|129|1.0
A|c4r4y0|DNA-directed RNA polymerase subunit|other|Komagataella phaffii|nucleosome:1|bp:1|0|1|1743|1.0
B|c4qzq7|DNA-directed RNA polymerase subunit beta|other|Komagataella phaffii|nucleosome:1|bp:1|0|1|1227|1.0
C|c4r7l2|RNA polymerase II third largest subunit B44, part of central core|other|Komagataella phaffii|nucleosome:1|bp:1|0|1|304|1.0
D|c4r2u9|RNA polymerase II subunit B32|other|Komagataella phaffii|nucleosome:1|bp:1|0|1|186|1.0
E|c4r3p8|RNA polymerase subunit ABC27, common to RNA polymerases I, II, and III|other|Komagataella phaffii|nucleosome:1|bp:1|0|1|214|1.0
F|c4r1v1|RNA polymerase subunit ABC23, common to RNA polymerases I, II, and III|other|Komagataella phaffii|nucleosome:1|bp:1|0|1|155|1.0
G|c4r9a1|RNA polymerase II subunit|other|Komagataella phaffii|nucleosome:1|bp:1|0|1|171|1.0
H|c4r273|DNA-directed RNA polymerases I, II, and III subunit RPABC3|other|Komagataella phaffii|nucleosome:1|bp:1|0|1|145|1.0
I|f2qpe6|DNA-directed RNA polymerase subunit|other|Komagataella phaffii|nucleosome:1|bp:1|0|1|115|1.0
J|c4r009|RNA polymerase subunit ABC10-beta, common to RNA polymerases I, II, and III|other|Komagataella phaffii|nucleosome:1|bp:1|0|1|72|1.0
K|c4r3z5|RNA polymerase II subunit B12.5|other|Komagataella phaffii|nucleosome:1|bp:1|0|1|118|1.0
L|f2qmi1|RNA polymerase subunit ABC10-alpha|other|Komagataella phaffii|nucleosome:1|bp:1|0|1|72|1.0
M|c4qz45|Transcription elongation factor 1 homolog|other|Komagataella phaffii|nucleosome:1|bp:1|-3|4|113|1.0
V|c4r0e6|Transcription elongation factor SPT4|other|Komagataella phaffii|nucleosome:1|bp:1|6|2|108|1.0
W|c4r370|Protein that forms a complex with Spt4p|other|Komagataella phaffii|nucleosome:1|bp:1|-3|4|911|1.0
a|p84243|Histone H3.3|H3|Homo sapiens|nucleosome:1|bp:1|-3|4|139|1.0
b|p62805|Histone H4|H4|Homo sapiens|nucleosome:1|bp:1|-3|4|106|1.0
c|p04908|Histone H2A type 1-B/E|H2A|Homo sapiens|nucleosome:1|bp:1|-3|4|133|1.0
d|p06899|Histone H2B type 1-J|H2B|Homo sapiens|nucleosome:1|bp:1|-3|4|129|1.0
e|p84243|Histone H3.3|H3|Homo sapiens|nucleosome:1|bp:1|-3|4|139|1.0
f|p62805|Histone H4|H4|Homo sapiens|nucleosome:1|bp:1|-3|4|106|1.0
g|p04908|Histone H2A type 1-B/E|H2A|Homo sapiens|nucleosome:1|bp:1|-3|4|133|1.0
h|p06899|Histone H2B type 1-J|H2B|Homo sapiens|nucleosome:1|bp:1|-3|4|129|1.0
A|a0a310ttq1|Histone H3|H3|Xenopus laevis|nucleosome:1|bp:1|0|1|136|1.0
B|p62799|Histone H4|H4|Xenopus laevis|nucleosome:1|bp:1|0|1|103|1.0
C|q6azj8|Histone H2A|H2A|Xenopus laevis|nucleosome:1|bp:1|0|1|130|1.0
D|p02281|Histone H2B 1.1|H2B|Xenopus laevis|nucleosome:1|bp:1|3|2|123|1.0
E|a0a310ttq1|Histone H3|H3|Xenopus laevis|nucleosome:1|bp:1|0|1|136|1.0
F|p62799|Histone H4|H4|Xenopus laevis|nucleosome:1|bp:1|0|1|103|1.0
G|q6azj8|Histone H2A|H2A|Xenopus laevis|nucleosome:1|bp:1|0|1|130|1.0
H|p02281|Histone H2B 1.1|H2B|Xenopus laevis|nucleosome:1|bp:1|3|2|123|1.0
K|q8tek3|Histone-lysine N-methyltransferase, H3 lysine-79 specific|other|Homo sapiens|nucleosome:1|bp:1|0|1|416|1.0
L|p62979|Ubiquitin-40S ribosomal protein S27a|other|Homo sapiens|nucleosome:1|bp:1|0|1|76|1.0
A|p84233|Histone H3.2|H3|Xenopus laevis|nucleosome:1|bp:1|1|1|135|1.0
B|p62799|Histone H4|H4|Xenopus laevis|nucleosome:1|bp:1|1|1|102|1.0
C|p06897|Histone H2A type 1|H2A|Xenopus laevis|nucleosome:1|bp:1|1|1|129|1.0
D|p02281|Histone H2B 1.1|H2B|Xenopus laevis|nucleosome:1|bp:1|4|1|122|1.0
E|p84233|Histone H3.2|H3|Xenopus laevis|nucleosome:1|bp:1|1|1|135|1.0
F|p62799|Histone H4|H4|Xenopus laevis|nucleosome:1|bp:1|1|1|102|1.0
G|p06897|Histone H2A type 1|H2A|Xenopus laevis|nucleosome:1|bp:1|1|1|129|1.0
H|p02281|Histone H2B 1.1|H2B|Xenopus laevis|nucleosome:1|bp:1|4|1|122|1.0
K|q8tek3|Histone-lysine N-methyltransferase, H3 lysine-79 specific|other|Homo sapiens|nucleosome:1|bp:1|0|2|416|1.0
L|j3qs39|Ubiquitin|other|Homo sapiens|nucleosome:1|bp:1|-4|5|80|1.0
A|p84233|Histone H3.2|H3|Xenopus laevis|nucleosome:1|bp:1|1|1|135|1.0
B|p62799|Histone H4|H4|Xenopus laevis|nucleosome:1|bp:1|1|1|102|1.0
C|p06897|Histone H2A type 1|H2A|Xenopus laevis|nucleosome:1|bp:1|1|1|129|1.0
D|p02281|Histone H2B 1.1|H2B|Xenopus laevis|nucleosome:1|bp:1|2|3|124|1.0
E|p84233|Histone H3.2|H3|Xenopus laevis|nucleosome:1|bp:1|1|1|135|1.0
F|p62799|Histone H4|H4|Xenopus laevis|nucleosome:1|bp:1|1|1|102|1.0
G|p06897|Histone H2A type 1|H2A|Xenopus laevis|nucleosome:1|bp:1|1|1|129|1.0
H|p02281|Histone H2B 1.1|H2B|Xenopus laevis|nucleosome:1|bp:1|2|3|124|1.0
K|q8tek3|Histone-lysine N-methyltransferase, H3 lysine-79 specific|other|Homo sapiens|nucleosome:1|bp:1|0|3|416|1.0
L|f5h388|Ubiquitin|other|Homo sapiens|nucleosome:1|bp:1|72|3|79|1.0
A|p84233|Histone H3.2|H3|Xenopus laevis|nucleosome:1|bp:1|1|1|135|1.0
B|p62799|Histone H4|H4|Xenopus laevis|nucleosome:1|bp:1|1|1|102|1.0
C|p06897|Histone H2A type 1|H2A|Xenopus laevis|nucleosome:1|bp:1|1|1|129|1.0
D|p02281|Histone H2B 1.1|H2B|Xenopus laevis|nucleosome:1|bp:1|4|1|122|1.0
E|p84233|Histone H3.2|H3|Xenopus laevis|nucleosome:1|bp:1|1|1|135|1.0
F|p62799|Histone H4|H4|Xenopus laevis|nucleosome:1|bp:1|1|1|102|1.0
G|p06897|Histone H2A type 1|H2A|Xenopus laevis|nucleosome:1|bp:1|1|1|129|1.0
H|p02281|Histone H2B 1.1|H2B|Xenopus laevis|nucleosome:1|bp:1|4|1|122|1.0
K|q8tek3|Histone-lysine N-methyltransferase, H3 lysine-79 specific|other|Homo sapiens|nucleosome:1|bp:1|0|2|416|1.0
L|j3qs39|Ubiquitin|other|Homo sapiens|nucleosome:1|bp:1|-4|5|80|1.0
A|p84233|Histone H3.2|H3|Xenopus laevis|nucleosome:1|bp:1|1|1|135|1.0
B|p62799|Histone H4|H4|Xenopus laevis|nucleosome:1|bp:1|1|1|102|1.0
C|p06897|Histone H2A type 1|H2A|Xenopus laevis|nucleosome:1|bp:1|1|1|129|1.0
D|p02281|Histone H2B 1.1|H2B|Xenopus laevis|nucleosome:1|bp:1|4|1|122|1.0
E|p84233|Histone H3.2|H3|Xenopus laevis|nucleosome:1|bp:1|1|1|135|1.0
F|p62799|Histone H4|H4|Xenopus laevis|nucleosome:1|bp:1|1|1|102|1.0
G|p06897|Histone H2A type 1|H2A|Xenopus laevis|nucleosome:1|bp:1|1|1|129|1.0
H|p02281|Histone H2B 1.1|H2B|Xenopus laevis|nucleosome:1|bp:1|4|1|122|1.0
K|q8tek3|Histone-lysine N-methyltransferase, H3 lysine-79 specific|other|Homo sapiens|nucleosome:1|bp:1|0|2|416|1.0
L|p0cg48|Polyubiquitin-C|other|Homo sapiens|nucleosome:1|bp:1|-4|5|80|1.0
